604.0,509.0,512.0,147.0,Rose,Rose
604.0,510.0,513.0,146.0,Rose,Rose
604.0,509.0,513.0,146.0,Rose,Rose
605.0,510.0,513.0,145.0,Rose,Rose
604.0,509.0,512.0,146.0,Rose,Rose
605.0,510.0,513.0,146.0,Rose,Rose
604.0,509.0,512.0,146.0,Rose,Rose
604.0,509.0,513.0,146.0,Rose,Rose
605.0,508.0,512.0,145.0,Rose,Rose
605.0,509.0,512.0,146.0,Rose,Rose
605.0,508.0,513.0,146.0,Rose,Rose
604.0,509.0,512.0,146.0,Rose,Rose
605.0,508.0,513.0,146.0,Rose,Rose
604.0,509.0,512.0,145.0,Rose,Rose
603.0,509.0,512.0,145.0,Rose,Rose
604.0,508.0,512.0,146.0,Rose,Rose
604.0,508.0,512.0,146.0,Rose,Rose
604.0,509.0,511.0,149.0,Rose,Rose
604.0,508.0,511.0,149.0,Rose,Rose
604.0,509.0,512.0,145.0,Rose,Rose
604.0,509.0,512.0,146.0,Rose,Rose
604.0,509.0,511.0,148.0,Rose,Rose
604.0,509.0,512.0,145.0,Rose,Rose
604.0,508.0,511.0,149.0,Rose,Rose
604.0,509.0,512.0,146.0,Rose,Rose
604.0,509.0,512.0,146.0,Rose,Rose
604.0,508.0,512.0,145.0,Rose,Rose
604.0,509.0,511.0,148.0,Rose,Rose
604.0,508.0,512.0,145.0,Rose,Rose
604.0,509.0,511.0,149.0,Rose,Rose
604.0,508.0,511.0,148.0,Rose,Rose
604.0,508.0,512.0,145.0,Rose,Rose
604.0,508.0,511.0,148.0,Rose,Rose
604.0,508.0,512.0,145.0,Rose,Rose
604.0,508.0,511.0,148.0,Rose,Rose
604.0,508.0,511.0,148.0,Rose,Rose
604.0,508.0,511.0,148.0,Rose,Rose
604.0,508.0,511.0,149.0,Rose,Rose
604.0,508.0,512.0,145.0,Rose,Rose
604.0,508.0,512.0,144.0,Rose,Rose
605.0,508.0,511.0,148.0,Rose,Rose
604.0,508.0,510.0,149.0,Rose,Rose
604.0,507.0,511.0,149.0,Rose,Rose
603.0,508.0,512.0,145.0,Rose,Rose
604.0,508.0,512.0,146.0,Rose,Rose
604.0,509.0,512.0,147.0,Rose,Rose
604.0,509.0,512.0,147.0,Rose,Rose
605.0,509.0,513.0,147.0,Rose,Rose
605.0,508.0,513.0,148.0,Rose,Rose
605.0,509.0,512.0,148.0,Rose,Rose
605.0,509.0,512.0,149.0,Rose,Rose
605.0,510.0,512.0,149.0,Rose,Rose
604.0,509.0,513.0,149.0,Rose,Rose
605.0,509.0,512.0,149.0,Rose,Rose
605.0,509.0,513.0,149.0,Rose,Rose
605.0,509.0,512.0,149.0,Rose,Rose
605.0,509.0,512.0,149.0,Rose,Rose
604.0,509.0,511.0,152.0,Rose,Rose
604.0,509.0,512.0,149.0,Rose,Rose
605.0,509.0,512.0,149.0,Rose,Rose
605.0,509.0,512.0,150.0,Rose,Rose
605.0,508.0,512.0,149.0,Rose,Rose
605.0,509.0,512.0,150.0,Rose,Rose
605.0,508.0,512.0,150.0,Rose,Rose
604.0,508.0,512.0,149.0,Rose,Rose
604.0,508.0,512.0,150.0,Rose,Rose
604.0,509.0,511.0,153.0,Rose,Rose
605.0,508.0,512.0,150.0,Rose,Rose
604.0,509.0,512.0,149.0,Rose,Rose
605.0,508.0,511.0,153.0,Rose,Rose
604.0,508.0,512.0,150.0,Rose,Rose
604.0,508.0,512.0,150.0,Rose,Rose
605.0,509.0,512.0,149.0,Rose,Rose
605.0,508.0,512.0,150.0,Rose,Rose
604.0,508.0,511.0,153.0,Rose,Rose
605.0,508.0,511.0,153.0,Rose,Rose
604.0,508.0,511.0,152.0,Rose,Rose
605.0,508.0,511.0,152.0,Rose,Rose
604.0,507.0,511.0,153.0,Rose,Rose
604.0,508.0,511.0,153.0,Rose,Rose
604.0,507.0,511.0,153.0,Rose,Rose
604.0,508.0,511.0,153.0,Rose,Rose
605.0,508.0,510.0,153.0,Rose,Rose
605.0,507.0,511.0,153.0,Rose,Rose
605.0,507.0,511.0,153.0,Rose,Rose
604.0,507.0,511.0,152.0,Rose,Rose
604.0,507.0,511.0,152.0,Rose,Rose
605.0,507.0,510.0,153.0,Rose,Rose
604.0,507.0,511.0,152.0,Rose,Rose
604.0,507.0,511.0,153.0,Rose,Rose
605.0,507.0,511.0,152.0,Rose,Rose
604.0,507.0,511.0,152.0,Rose,Rose
604.0,507.0,511.0,152.0,Rose,Rose
604.0,507.0,511.0,152.0,Rose,Rose
604.0,507.0,511.0,152.0,Rose,Rose
604.0,506.0,511.0,151.0,Rose,Rose
604.0,507.0,511.0,151.0,Rose,Rose
604.0,506.0,510.0,151.0,Rose,Rose
604.0,506.0,510.0,151.0,Rose,Rose
604.0,506.0,510.0,151.0,Rose,Rose
603.0,506.0,510.0,151.0,Rose,Rose
604.0,506.0,510.0,151.0,Rose,Rose
604.0,507.0,510.0,151.0,Rose,Rose
604.0,506.0,510.0,151.0,Rose,Rose
604.0,506.0,510.0,150.0,Rose,Rose
604.0,506.0,509.0,150.0,Rose,Rose
604.0,506.0,509.0,151.0,Rose,Rose
604.0,506.0,510.0,150.0,Rose,Rose
604.0,505.0,509.0,150.0,Rose,Rose
604.0,505.0,509.0,150.0,Rose,Rose
603.0,505.0,509.0,149.0,Rose,Rose
604.0,505.0,509.0,150.0,Rose,Rose
603.0,505.0,510.0,149.0,Rose,Rose
603.0,505.0,509.0,150.0,Rose,Rose
603.0,505.0,510.0,149.0,Rose,Rose
604.0,505.0,509.0,149.0,Rose,Rose
604.0,505.0,509.0,150.0,Rose,Rose
603.0,505.0,509.0,150.0,Rose,Rose
603.0,505.0,509.0,149.0,Rose,Rose
603.0,505.0,509.0,149.0,Rose,Rose
603.0,505.0,508.0,149.0,Rose,Rose
603.0,504.0,509.0,150.0,Rose,Rose
603.0,505.0,508.0,149.0,Rose,Rose
603.0,505.0,508.0,150.0,Rose,Rose
603.0,505.0,508.0,148.0,Rose,Rose
603.0,504.0,509.0,150.0,Rose,Rose
603.0,504.0,509.0,150.0,Rose,Rose
603.0,504.0,508.0,149.0,Rose,Rose
603.0,504.0,509.0,149.0,Rose,Rose
602.0,504.0,509.0,149.0,Rose,Rose
603.0,504.0,509.0,149.0,Rose,Rose
603.0,505.0,509.0,149.0,Rose,Rose
603.0,504.0,509.0,149.0,Rose,Rose
603.0,504.0,508.0,149.0,Rose,Rose
603.0,504.0,508.0,149.0,Rose,Rose
602.0,504.0,509.0,148.0,Rose,Rose
602.0,503.0,507.0,149.0,Rose,Rose
602.0,504.0,508.0,148.0,Rose,Rose
602.0,504.0,508.0,148.0,Rose,Rose
603.0,504.0,508.0,149.0,Rose,Rose
603.0,503.0,508.0,148.0,Rose,Rose
603.0,503.0,508.0,148.0,Rose,Rose
603.0,503.0,508.0,149.0,Rose,Rose
603.0,503.0,507.0,148.0,Rose,Rose
603.0,504.0,508.0,148.0,Rose,Rose
603.0,503.0,507.0,148.0,Rose,Rose
602.0,503.0,507.0,148.0,Rose,Rose
602.0,503.0,508.0,148.0,Rose,Rose
603.0,503.0,508.0,147.0,Rose,Rose
603.0,503.0,508.0,147.0,Rose,Rose
602.0,503.0,507.0,147.0,Rose,Rose
602.0,503.0,507.0,147.0,Rose,Rose
603.0,503.0,508.0,147.0,Rose,Rose
602.0,503.0,507.0,147.0,Rose,Rose
603.0,503.0,508.0,147.0,Rose,Rose
603.0,503.0,507.0,147.0,Rose,Rose
602.0,502.0,507.0,147.0,Rose,Rose
602.0,503.0,507.0,147.0,Rose,Rose
602.0,503.0,507.0,147.0,Rose,Rose
602.0,503.0,507.0,147.0,Rose,Rose
602.0,503.0,507.0,147.0,Rose,Rose
602.0,502.0,507.0,146.0,Rose,Rose
602.0,503.0,507.0,147.0,Rose,Rose
602.0,503.0,507.0,146.0,Rose,Rose
603.0,502.0,507.0,147.0,Rose,Rose
602.0,502.0,507.0,146.0,Rose,Rose
602.0,502.0,507.0,147.0,Rose,Rose
602.0,502.0,507.0,147.0,Rose,Rose
602.0,503.0,507.0,147.0,Rose,Rose
602.0,502.0,507.0,146.0,Rose,Rose
602.0,502.0,507.0,146.0,Rose,Rose
602.0,502.0,507.0,147.0,Rose,Rose
602.0,502.0,506.0,146.0,Rose,Rose
602.0,502.0,507.0,146.0,Rose,Rose
602.0,502.0,507.0,147.0,Rose,Rose
602.0,502.0,506.0,147.0,Rose,Rose
602.0,502.0,507.0,146.0,Rose,Rose
601.0,501.0,506.0,146.0,Rose,Rose
601.0,503.0,507.0,147.0,Rose,Rose
602.0,501.0,507.0,146.0,Rose,Rose
601.0,502.0,507.0,145.0,Rose,Rose
602.0,502.0,507.0,145.0,Rose,Rose
602.0,502.0,507.0,146.0,Rose,Rose
602.0,501.0,507.0,146.0,Rose,Rose
602.0,502.0,507.0,145.0,Rose,Rose
602.0,502.0,506.0,146.0,Rose,Rose
602.0,501.0,507.0,146.0,Rose,Rose
602.0,502.0,507.0,146.0,Rose,Rose
602.0,501.0,506.0,146.0,Rose,Rose
601.0,501.0,507.0,146.0,Rose,Rose
602.0,501.0,506.0,146.0,Rose,Rose
601.0,502.0,506.0,146.0,Rose,Rose
601.0,502.0,507.0,146.0,Rose,Rose
602.0,501.0,506.0,146.0,Rose,Rose
602.0,501.0,507.0,145.0,Rose,Rose
602.0,502.0,506.0,145.0,Rose,Rose
602.0,502.0,507.0,146.0,Rose,Rose
601.0,502.0,506.0,146.0,Rose,Rose
602.0,502.0,506.0,146.0,Rose,Rose
601.0,502.0,506.0,145.0,Rose,Rose
601.0,502.0,506.0,145.0,Rose,Rose
601.0,501.0,506.0,145.0,Rose,Rose
601.0,502.0,506.0,146.0,Rose,Rose
601.0,501.0,506.0,146.0,Rose,Rose
601.0,501.0,506.0,146.0,Rose,Rose
601.0,501.0,507.0,145.0,Rose,Rose
601.0,502.0,506.0,146.0,Rose,Rose
601.0,502.0,505.0,146.0,Rose,Rose
602.0,502.0,506.0,147.0,Rose,Rose
601.0,502.0,507.0,147.0,Rose,Rose
601.0,502.0,506.0,147.0,Rose,Rose
602.0,502.0,506.0,147.0,Rose,Rose
602.0,502.0,506.0,147.0,Rose,Rose
602.0,502.0,506.0,147.0,Rose,Rose
601.0,502.0,506.0,147.0,Rose,Rose
601.0,502.0,507.0,148.0,Rose,Rose
602.0,503.0,506.0,148.0,Rose,Rose
602.0,502.0,505.0,148.0,Rose,Rose
602.0,502.0,507.0,147.0,Rose,Rose
602.0,502.0,506.0,147.0,Rose,Rose
602.0,501.0,507.0,147.0,Rose,Rose
602.0,502.0,506.0,147.0,Rose,Rose
602.0,502.0,506.0,147.0,Rose,Rose
601.0,501.0,506.0,147.0,Rose,Rose
601.0,502.0,506.0,147.0,Rose,Rose
601.0,501.0,507.0,147.0,Rose,Rose
602.0,502.0,506.0,147.0,Rose,Rose
602.0,502.0,506.0,147.0,Rose,Rose
601.0,502.0,506.0,147.0,Rose,Rose
691.0,706.0,721.0,475.0,Coffee,Coffee
691.0,706.0,722.0,474.0,Coffee,Coffee
691.0,707.0,721.0,475.0,Coffee,Coffee
691.0,706.0,721.0,475.0,Coffee,Coffee
691.0,706.0,722.0,475.0,Coffee,Coffee
691.0,706.0,721.0,474.0,Coffee,Coffee
691.0,706.0,722.0,475.0,Coffee,Coffee
691.0,707.0,722.0,474.0,Coffee,Coffee
690.0,707.0,722.0,474.0,Coffee,Coffee
691.0,706.0,721.0,475.0,Coffee,Coffee
691.0,706.0,721.0,475.0,Coffee,Coffee
692.0,706.0,722.0,475.0,Coffee,Coffee
691.0,707.0,721.0,475.0,Coffee,Coffee
691.0,707.0,722.0,474.0,Coffee,Coffee
691.0,706.0,721.0,474.0,Coffee,Coffee
691.0,706.0,722.0,475.0,Coffee,Coffee
691.0,707.0,722.0,476.0,Coffee,Coffee
691.0,707.0,721.0,475.0,Coffee,Coffee
691.0,707.0,722.0,475.0,Coffee,Coffee
691.0,707.0,721.0,475.0,Coffee,Coffee
691.0,707.0,721.0,474.0,Coffee,Coffee
691.0,707.0,722.0,475.0,Coffee,Coffee
691.0,707.0,722.0,475.0,Coffee,Coffee
691.0,706.0,722.0,475.0,Coffee,Coffee
690.0,707.0,722.0,475.0,Coffee,Coffee
691.0,707.0,722.0,475.0,Coffee,Coffee
691.0,706.0,722.0,475.0,Coffee,Coffee
691.0,706.0,722.0,475.0,Coffee,Coffee
691.0,706.0,721.0,476.0,Coffee,Coffee
691.0,707.0,722.0,475.0,Coffee,Coffee
690.0,706.0,721.0,475.0,Coffee,Coffee
691.0,707.0,722.0,474.0,Coffee,Coffee
691.0,707.0,722.0,474.0,Coffee,Coffee
691.0,707.0,722.0,474.0,Coffee,Coffee
691.0,706.0,723.0,475.0,Coffee,Coffee
691.0,707.0,722.0,475.0,Coffee,Coffee
691.0,707.0,722.0,474.0,Coffee,Coffee
691.0,706.0,722.0,475.0,Coffee,Coffee
691.0,707.0,722.0,475.0,Coffee,Coffee
691.0,707.0,723.0,475.0,Coffee,Coffee
691.0,707.0,723.0,475.0,Coffee,Coffee
692.0,706.0,723.0,475.0,Coffee,Coffee
691.0,707.0,722.0,475.0,Coffee,Coffee
691.0,707.0,723.0,475.0,Coffee,Coffee
691.0,707.0,722.0,475.0,Coffee,Coffee
691.0,706.0,722.0,474.0,Coffee,Coffee
691.0,707.0,722.0,475.0,Coffee,Coffee
692.0,707.0,722.0,475.0,Coffee,Coffee
691.0,707.0,723.0,473.0,Coffee,Coffee
692.0,707.0,722.0,474.0,Coffee,Coffee
691.0,707.0,722.0,474.0,Coffee,Coffee
691.0,706.0,722.0,475.0,Coffee,Coffee
691.0,707.0,723.0,475.0,Coffee,Coffee
691.0,707.0,722.0,475.0,Coffee,Coffee
691.0,707.0,723.0,476.0,Coffee,Coffee
691.0,707.0,722.0,476.0,Coffee,Coffee
690.0,707.0,722.0,475.0,Coffee,Coffee
691.0,708.0,722.0,475.0,Coffee,Coffee
691.0,707.0,722.0,475.0,Coffee,Coffee
691.0,707.0,723.0,475.0,Coffee,Coffee
691.0,707.0,722.0,475.0,Coffee,Coffee
691.0,708.0,723.0,475.0,Coffee,Coffee
691.0,707.0,722.0,476.0,Coffee,Coffee
691.0,707.0,722.0,476.0,Coffee,Coffee
691.0,708.0,722.0,476.0,Coffee,Coffee
691.0,707.0,722.0,476.0,Coffee,Coffee
691.0,707.0,723.0,475.0,Coffee,Coffee
691.0,707.0,723.0,475.0,Coffee,Coffee
691.0,707.0,723.0,476.0,Coffee,Coffee
691.0,707.0,723.0,476.0,Coffee,Coffee
691.0,707.0,723.0,475.0,Coffee,Coffee
691.0,707.0,722.0,475.0,Coffee,Coffee
691.0,707.0,722.0,476.0,Coffee,Coffee
692.0,707.0,722.0,475.0,Coffee,Coffee
691.0,707.0,723.0,475.0,Coffee,Coffee
691.0,708.0,722.0,476.0,Coffee,Coffee
691.0,707.0,723.0,475.0,Coffee,Coffee
691.0,707.0,722.0,475.0,Coffee,Coffee
692.0,707.0,722.0,477.0,Coffee,Coffee
691.0,708.0,722.0,476.0,Coffee,Coffee
691.0,708.0,722.0,475.0,Coffee,Coffee
691.0,707.0,722.0,474.0,Coffee,Coffee
690.0,708.0,723.0,476.0,Coffee,Coffee
690.0,707.0,722.0,476.0,Coffee,Coffee
690.0,707.0,723.0,475.0,Coffee,Coffee
691.0,708.0,722.0,474.0,Coffee,Coffee
691.0,708.0,723.0,475.0,Coffee,Coffee
691.0,708.0,722.0,475.0,Coffee,Coffee
690.0,708.0,723.0,476.0,Coffee,Coffee
691.0,708.0,722.0,476.0,Coffee,Coffee
691.0,707.0,723.0,476.0,Coffee,Coffee
692.0,707.0,723.0,475.0,Coffee,Coffee
691.0,708.0,723.0,475.0,Coffee,Coffee
692.0,707.0,722.0,475.0,Coffee,Coffee
692.0,708.0,723.0,475.0,Coffee,Coffee
691.0,706.0,723.0,476.0,Coffee,Coffee
691.0,708.0,723.0,476.0,Coffee,Coffee
692.0,708.0,723.0,476.0,Coffee,Coffee
692.0,708.0,724.0,476.0,Coffee,Coffee
691.0,707.0,723.0,475.0,Coffee,Coffee
691.0,708.0,723.0,476.0,Coffee,Coffee
691.0,708.0,723.0,476.0,Coffee,Coffee
691.0,708.0,723.0,476.0,Coffee,Coffee
691.0,708.0,723.0,476.0,Coffee,Coffee
691.0,708.0,723.0,476.0,Coffee,Coffee
690.0,708.0,723.0,475.0,Coffee,Coffee
691.0,708.0,723.0,475.0,Coffee,Coffee
691.0,707.0,724.0,477.0,Coffee,Coffee
692.0,708.0,723.0,474.0,Coffee,Coffee
691.0,707.0,723.0,475.0,Coffee,Coffee
691.0,708.0,724.0,477.0,Coffee,Coffee
691.0,708.0,724.0,476.0,Coffee,Coffee
692.0,708.0,723.0,475.0,Coffee,Coffee
692.0,707.0,724.0,477.0,Coffee,Coffee
691.0,708.0,722.0,475.0,Coffee,Coffee
691.0,707.0,722.0,476.0,Coffee,Coffee
691.0,708.0,724.0,476.0,Coffee,Coffee
691.0,708.0,723.0,476.0,Coffee,Coffee
691.0,708.0,724.0,476.0,Coffee,Coffee
692.0,708.0,723.0,476.0,Coffee,Coffee
691.0,707.0,724.0,475.0,Coffee,Coffee
691.0,709.0,724.0,477.0,Coffee,Coffee
691.0,708.0,723.0,476.0,Coffee,Coffee
691.0,708.0,724.0,477.0,Coffee,Coffee
691.0,708.0,724.0,476.0,Coffee,Coffee
691.0,708.0,723.0,476.0,Coffee,Coffee
692.0,708.0,724.0,475.0,Coffee,Coffee
691.0,709.0,724.0,476.0,Coffee,Coffee
691.0,709.0,724.0,476.0,Coffee,Coffee
691.0,708.0,724.0,476.0,Coffee,Coffee
691.0,708.0,724.0,476.0,Coffee,Coffee
692.0,708.0,724.0,476.0,Coffee,Coffee
691.0,708.0,724.0,476.0,Coffee,Coffee
690.0,708.0,723.0,476.0,Coffee,Coffee
691.0,708.0,724.0,476.0,Coffee,Coffee
691.0,708.0,722.0,476.0,Coffee,Coffee
691.0,707.0,723.0,476.0,Coffee,Coffee
692.0,708.0,724.0,476.0,Coffee,Coffee
690.0,709.0,724.0,476.0,Coffee,Coffee
690.0,709.0,724.0,476.0,Coffee,Coffee
691.0,708.0,724.0,476.0,Coffee,Coffee
691.0,709.0,724.0,476.0,Coffee,Coffee
692.0,708.0,724.0,476.0,Coffee,Coffee
691.0,708.0,724.0,475.0,Coffee,Coffee
691.0,708.0,724.0,476.0,Coffee,Coffee
692.0,707.0,724.0,476.0,Coffee,Coffee
691.0,709.0,724.0,477.0,Coffee,Coffee
691.0,709.0,724.0,477.0,Coffee,Coffee
691.0,709.0,724.0,477.0,Coffee,Coffee
691.0,709.0,723.0,477.0,Coffee,Coffee
692.0,708.0,724.0,476.0,Coffee,Coffee
691.0,708.0,723.0,477.0,Coffee,Coffee
692.0,708.0,724.0,476.0,Coffee,Coffee
691.0,709.0,724.0,477.0,Coffee,Coffee
692.0,708.0,724.0,477.0,Coffee,Coffee
691.0,708.0,724.0,476.0,Coffee,Coffee
690.0,709.0,724.0,476.0,Coffee,Coffee
690.0,709.0,724.0,476.0,Coffee,Coffee
691.0,709.0,724.0,478.0,Coffee,Coffee
691.0,708.0,724.0,477.0,Coffee,Coffee
690.0,708.0,724.0,477.0,Coffee,Coffee
691.0,709.0,724.0,477.0,Coffee,Coffee
691.0,708.0,724.0,476.0,Coffee,Coffee
691.0,708.0,724.0,476.0,Coffee,Coffee
691.0,709.0,724.0,477.0,Coffee,Coffee
692.0,709.0,723.0,476.0,Coffee,Coffee
691.0,709.0,724.0,477.0,Coffee,Coffee
691.0,709.0,724.0,476.0,Coffee,Coffee
691.0,708.0,724.0,476.0,Coffee,Coffee
690.0,709.0,724.0,478.0,Coffee,Coffee
691.0,708.0,723.0,477.0,Coffee,Coffee
690.0,708.0,724.0,476.0,Coffee,Coffee
691.0,709.0,725.0,478.0,Coffee,Coffee
691.0,709.0,724.0,477.0,Coffee,Coffee
691.0,708.0,724.0,476.0,Coffee,Coffee
691.0,708.0,724.0,477.0,Coffee,Coffee
691.0,708.0,723.0,477.0,Coffee,Coffee
691.0,709.0,724.0,476.0,Coffee,Coffee
692.0,708.0,724.0,477.0,Coffee,Coffee
691.0,709.0,725.0,477.0,Coffee,Coffee
691.0,709.0,724.0,477.0,Coffee,Coffee
690.0,708.0,725.0,478.0,Coffee,Coffee
691.0,709.0,725.0,477.0,Coffee,Coffee
691.0,708.0,723.0,477.0,Coffee,Coffee
691.0,709.0,725.0,477.0,Coffee,Coffee
691.0,709.0,725.0,477.0,Coffee,Coffee
692.0,709.0,724.0,477.0,Coffee,Coffee
691.0,709.0,724.0,477.0,Coffee,Coffee
691.0,709.0,724.0,476.0,Coffee,Coffee
692.0,708.0,724.0,478.0,Coffee,Coffee
691.0,709.0,724.0,477.0,Coffee,Coffee
691.0,709.0,725.0,477.0,Coffee,Coffee
692.0,709.0,725.0,477.0,Coffee,Coffee
691.0,708.0,724.0,478.0,Coffee,Coffee
691.0,710.0,725.0,477.0,Coffee,Coffee
691.0,709.0,724.0,477.0,Coffee,Coffee
691.0,709.0,724.0,476.0,Coffee,Coffee
691.0,709.0,725.0,476.0,Coffee,Coffee
690.0,708.0,725.0,476.0,Coffee,Coffee
692.0,709.0,724.0,477.0,Coffee,Coffee
691.0,710.0,724.0,478.0,Coffee,Coffee
691.0,709.0,724.0,478.0,Coffee,Coffee
691.0,709.0,724.0,478.0,Coffee,Coffee
691.0,709.0,725.0,477.0,Coffee,Coffee
691.0,709.0,725.0,476.0,Coffee,Coffee
692.0,710.0,725.0,477.0,Coffee,Coffee
691.0,708.0,724.0,478.0,Coffee,Coffee
691.0,709.0,724.0,478.0,Coffee,Coffee
691.0,709.0,724.0,477.0,Coffee,Coffee
692.0,709.0,724.0,477.0,Coffee,Coffee
691.0,709.0,725.0,477.0,Coffee,Coffee
691.0,709.0,725.0,477.0,Coffee,Coffee
691.0,709.0,725.0,477.0,Coffee,Coffee
691.0,708.0,725.0,478.0,Coffee,Coffee
690.0,709.0,725.0,478.0,Coffee,Coffee
691.0,709.0,724.0,478.0,Coffee,Coffee
691.0,709.0,725.0,478.0,Coffee,Coffee
691.0,709.0,724.0,476.0,Coffee,Coffee
691.0,709.0,725.0,477.0,Coffee,Coffee
691.0,709.0,724.0,477.0,Coffee,Coffee
692.0,709.0,724.0,477.0,Coffee,Coffee
691.0,709.0,725.0,477.0,Coffee,Coffee
692.0,710.0,724.0,477.0,Coffee,Coffee
691.0,709.0,724.0,477.0,Coffee,Coffee
691.0,709.0,725.0,477.0,Coffee,Coffee
691.0,710.0,724.0,478.0,Coffee,Coffee
691.0,709.0,725.0,477.0,Coffee,Coffee
691.0,709.0,724.0,477.0,Coffee,Coffee
691.0,709.0,725.0,477.0,Coffee,Coffee
691.0,709.0,725.0,477.0,Coffee,Coffee
691.0,709.0,725.0,477.0,Coffee,Coffee
691.0,710.0,725.0,476.0,Coffee,Coffee
690.0,709.0,725.0,476.0,Coffee,Coffee
691.0,709.0,725.0,478.0,Coffee,Coffee
691.0,709.0,725.0,477.0,Coffee,Coffee
692.0,710.0,725.0,477.0,Coffee,Coffee
691.0,709.0,725.0,478.0,Coffee,Coffee
692.0,710.0,725.0,477.0,Coffee,Coffee
691.0,709.0,725.0,477.0,Coffee,Coffee
692.0,710.0,725.0,478.0,Coffee,Coffee
690.0,710.0,725.0,478.0,Coffee,Coffee
691.0,709.0,726.0,477.0,Coffee,Coffee
690.0,710.0,725.0,478.0,Coffee,Coffee
691.0,709.0,724.0,478.0,Coffee,Coffee
691.0,710.0,724.0,478.0,Coffee,Coffee
691.0,709.0,724.0,477.0,Coffee,Coffee
691.0,709.0,725.0,477.0,Coffee,Coffee
690.0,710.0,725.0,478.0,Coffee,Coffee
691.0,710.0,725.0,477.0,Coffee,Coffee
691.0,709.0,724.0,476.0,Coffee,Coffee
691.0,710.0,726.0,478.0,Coffee,Coffee
691.0,710.0,725.0,477.0,Coffee,Coffee
691.0,709.0,725.0,477.0,Coffee,Coffee
692.0,710.0,725.0,478.0,Coffee,Coffee
690.0,709.0,725.0,477.0,Coffee,Coffee
690.0,710.0,725.0,478.0,Coffee,Coffee
691.0,710.0,725.0,477.0,Coffee,Coffee
692.0,710.0,725.0,478.0,Coffee,Coffee
691.0,710.0,725.0,477.0,Coffee,Coffee
691.0,710.0,725.0,478.0,Coffee,Coffee
691.0,710.0,725.0,478.0,Coffee,Coffee
691.0,710.0,725.0,477.0,Coffee,Coffee
691.0,710.0,725.0,479.0,Coffee,Coffee
691.0,710.0,726.0,478.0,Coffee,Coffee
691.0,710.0,726.0,478.0,Coffee,Coffee
691.0,709.0,725.0,478.0,Coffee,Coffee
691.0,710.0,725.0,478.0,Coffee,Coffee
691.0,710.0,725.0,478.0,Coffee,Coffee
691.0,710.0,726.0,478.0,Coffee,Coffee
691.0,710.0,725.0,477.0,Coffee,Coffee
691.0,710.0,725.0,478.0,Coffee,Coffee
691.0,710.0,726.0,478.0,Coffee,Coffee
691.0,710.0,726.0,478.0,Coffee,Coffee
691.0,710.0,725.0,478.0,Coffee,Coffee
691.0,709.0,725.0,477.0,Coffee,Coffee
691.0,709.0,725.0,478.0,Coffee,Coffee
691.0,710.0,726.0,477.0,Coffee,Coffee
691.0,710.0,725.0,478.0,Coffee,Coffee
691.0,710.0,726.0,478.0,Coffee,Coffee
691.0,710.0,726.0,478.0,Coffee,Coffee
691.0,710.0,725.0,478.0,Coffee,Coffee
691.0,710.0,726.0,478.0,Coffee,Coffee
691.0,709.0,725.0,479.0,Coffee,Coffee
691.0,710.0,725.0,478.0,Coffee,Coffee
692.0,710.0,725.0,477.0,Coffee,Coffee
691.0,710.0,725.0,478.0,Coffee,Coffee
691.0,710.0,726.0,478.0,Coffee,Coffee
691.0,710.0,726.0,479.0,Coffee,Coffee
691.0,710.0,726.0,478.0,Coffee,Coffee
691.0,710.0,726.0,478.0,Coffee,Coffee
691.0,710.0,726.0,477.0,Coffee,Coffee
691.0,710.0,726.0,478.0,Coffee,Coffee
692.0,711.0,725.0,478.0,Coffee,Coffee
691.0,710.0,726.0,477.0,Coffee,Coffee
691.0,710.0,726.0,478.0,Coffee,Coffee
691.0,710.0,726.0,478.0,Coffee,Coffee
691.0,710.0,725.0,478.0,Coffee,Coffee
691.0,710.0,725.0,478.0,Coffee,Coffee
692.0,710.0,726.0,477.0,Coffee,Coffee
691.0,711.0,725.0,477.0,Coffee,Coffee
692.0,711.0,726.0,478.0,Coffee,Coffee
691.0,711.0,726.0,478.0,Coffee,Coffee
691.0,710.0,726.0,479.0,Coffee,Coffee
691.0,710.0,726.0,478.0,Coffee,Coffee
691.0,711.0,725.0,479.0,Coffee,Coffee
691.0,710.0,726.0,478.0,Coffee,Coffee
691.0,711.0,726.0,478.0,Coffee,Coffee
691.0,711.0,726.0,478.0,Coffee,Coffee
691.0,710.0,725.0,478.0,Coffee,Coffee
692.0,710.0,725.0,478.0,Coffee,Coffee
692.0,710.0,726.0,479.0,Coffee,Coffee
690.0,711.0,726.0,479.0,Coffee,Coffee
691.0,710.0,725.0,479.0,Coffee,Coffee
691.0,711.0,726.0,478.0,Coffee,Coffee
691.0,710.0,726.0,478.0,Coffee,Coffee
692.0,710.0,726.0,478.0,Coffee,Coffee
691.0,710.0,726.0,479.0,Coffee,Coffee
691.0,710.0,727.0,479.0,Coffee,Coffee
692.0,710.0,727.0,478.0,Coffee,Coffee
691.0,710.0,726.0,478.0,Coffee,Coffee
691.0,711.0,726.0,478.0,Coffee,Coffee
691.0,710.0,726.0,478.0,Coffee,Coffee
690.0,710.0,726.0,478.0,Coffee,Coffee
691.0,710.0,726.0,479.0,Coffee,Coffee
692.0,711.0,726.0,479.0,Coffee,Coffee
691.0,711.0,726.0,478.0,Coffee,Coffee
691.0,710.0,726.0,479.0,Coffee,Coffee
690.0,711.0,726.0,479.0,Coffee,Coffee
692.0,710.0,726.0,477.0,Coffee,Coffee
691.0,711.0,726.0,479.0,Coffee,Coffee
692.0,710.0,727.0,479.0,Coffee,Coffee
691.0,710.0,726.0,478.0,Coffee,Coffee
692.0,710.0,726.0,479.0,Coffee,Coffee
691.0,710.0,726.0,478.0,Coffee,Coffee
690.0,711.0,727.0,478.0,Coffee,Coffee
691.0,711.0,726.0,478.0,Coffee,Coffee
691.0,711.0,726.0,477.0,Coffee,Coffee
691.0,710.0,727.0,478.0,Coffee,Coffee
691.0,710.0,726.0,478.0,Coffee,Coffee
691.0,710.0,726.0,479.0,Coffee,Coffee
691.0,710.0,727.0,479.0,Coffee,Coffee
691.0,711.0,727.0,478.0,Coffee,Coffee
691.0,711.0,727.0,479.0,Coffee,Coffee
691.0,710.0,726.0,479.0,Coffee,Coffee
691.0,710.0,726.0,479.0,Coffee,Coffee
691.0,710.0,726.0,478.0,Coffee,Coffee
692.0,710.0,726.0,477.0,Coffee,Coffee
691.0,711.0,726.0,479.0,Coffee,Coffee
691.0,710.0,726.0,478.0,Coffee,Coffee
690.0,710.0,726.0,479.0,Coffee,Coffee
691.0,711.0,727.0,479.0,Coffee,Coffee
691.0,711.0,726.0,479.0,Coffee,Coffee
691.0,711.0,726.0,479.0,Coffee,Coffee
691.0,710.0,727.0,478.0,Coffee,Coffee
691.0,711.0,726.0,479.0,Coffee,Coffee
691.0,711.0,726.0,479.0,Coffee,Coffee
691.0,710.0,727.0,477.0,Coffee,Coffee
691.0,711.0,727.0,478.0,Coffee,Coffee
691.0,711.0,726.0,478.0,Coffee,Coffee
691.0,710.0,726.0,478.0,Coffee,Coffee
691.0,711.0,727.0,478.0,Coffee,Coffee
691.0,711.0,727.0,478.0,Coffee,Coffee
691.0,711.0,727.0,479.0,Coffee,Coffee
691.0,711.0,727.0,479.0,Coffee,Coffee
691.0,711.0,726.0,478.0,Coffee,Coffee
690.0,711.0,725.0,479.0,Coffee,Coffee
690.0,711.0,726.0,478.0,Coffee,Coffee
691.0,710.0,727.0,479.0,Coffee,Coffee
691.0,711.0,726.0,478.0,Coffee,Coffee
691.0,710.0,726.0,478.0,Coffee,Coffee
691.0,711.0,727.0,479.0,Coffee,Coffee
691.0,711.0,727.0,479.0,Coffee,Coffee
691.0,711.0,727.0,479.0,Coffee,Coffee
692.0,711.0,726.0,479.0,Coffee,Coffee
691.0,711.0,727.0,479.0,Coffee,Coffee
691.0,711.0,726.0,479.0,Coffee,Coffee
691.0,711.0,726.0,479.0,Coffee,Coffee
691.0,711.0,727.0,479.0,Coffee,Coffee
691.0,710.0,727.0,479.0,Coffee,Coffee
691.0,711.0,726.0,478.0,Coffee,Coffee
691.0,711.0,727.0,479.0,Coffee,Coffee
691.0,711.0,727.0,479.0,Coffee,Coffee
691.0,711.0,726.0,479.0,Coffee,Coffee
691.0,711.0,727.0,479.0,Coffee,Coffee
690.0,711.0,727.0,479.0,Coffee,Coffee
691.0,711.0,727.0,479.0,Coffee,Coffee
691.0,711.0,726.0,478.0,Coffee,Coffee
692.0,710.0,727.0,479.0,Coffee,Coffee
691.0,711.0,727.0,479.0,Coffee,Coffee
691.0,711.0,727.0,479.0,Coffee,Coffee
691.0,711.0,727.0,479.0,Coffee,Coffee
691.0,711.0,726.0,479.0,Coffee,Coffee
691.0,711.0,726.0,480.0,Coffee,Coffee
692.0,711.0,727.0,479.0,Coffee,Coffee
692.0,710.0,727.0,479.0,Coffee,Coffee
692.0,711.0,726.0,479.0,Coffee,Coffee
692.0,711.0,726.0,480.0,Coffee,Coffee
691.0,712.0,726.0,479.0,Coffee,Coffee
692.0,711.0,727.0,479.0,Coffee,Coffee
692.0,711.0,726.0,479.0,Coffee,Coffee
692.0,712.0,727.0,478.0,Coffee,Coffee
691.0,712.0,727.0,480.0,Coffee,Coffee
691.0,711.0,727.0,478.0,Coffee,Coffee
691.0,711.0,727.0,478.0,Coffee,Coffee
692.0,711.0,726.0,479.0,Coffee,Coffee
691.0,711.0,727.0,479.0,Coffee,Coffee
691.0,711.0,726.0,479.0,Coffee,Coffee
691.0,711.0,727.0,479.0,Coffee,Coffee
692.0,711.0,727.0,480.0,Coffee,Coffee
691.0,712.0,727.0,480.0,Coffee,Coffee
691.0,712.0,727.0,479.0,Coffee,Coffee
691.0,711.0,727.0,478.0,Coffee,Coffee
691.0,712.0,727.0,478.0,Coffee,Coffee
691.0,711.0,727.0,479.0,Coffee,Coffee
691.0,711.0,727.0,478.0,Coffee,Coffee
692.0,711.0,727.0,479.0,Coffee,Coffee
691.0,711.0,727.0,479.0,Coffee,Coffee
692.0,711.0,727.0,478.0,Coffee,Coffee
692.0,712.0,727.0,479.0,Coffee,Coffee
690.0,711.0,727.0,478.0,Coffee,Coffee
691.0,711.0,727.0,479.0,Coffee,Coffee
692.0,711.0,727.0,479.0,Coffee,Coffee
691.0,712.0,727.0,479.0,Coffee,Coffee
691.0,711.0,727.0,479.0,Coffee,Coffee
691.0,712.0,727.0,479.0,Coffee,Coffee
691.0,711.0,727.0,479.0,Coffee,Coffee
690.0,711.0,727.0,479.0,Coffee,Coffee
690.0,711.0,728.0,479.0,Coffee,Coffee
691.0,711.0,727.0,479.0,Coffee,Coffee
691.0,711.0,728.0,479.0,Coffee,Coffee
692.0,711.0,727.0,480.0,Coffee,Coffee
690.0,712.0,728.0,478.0,Coffee,Coffee
691.0,711.0,727.0,479.0,Coffee,Coffee
691.0,712.0,727.0,479.0,Coffee,Coffee
691.0,711.0,727.0,478.0,Coffee,Coffee
690.0,712.0,728.0,480.0,Coffee,Coffee
692.0,712.0,727.0,480.0,Coffee,Coffee
691.0,712.0,727.0,478.0,Coffee,Coffee
692.0,711.0,727.0,479.0,Coffee,Coffee
692.0,712.0,727.0,479.0,Coffee,Coffee
691.0,712.0,728.0,478.0,Coffee,Coffee
692.0,712.0,727.0,479.0,Coffee,Coffee
691.0,712.0,728.0,479.0,Coffee,Coffee
692.0,711.0,727.0,479.0,Coffee,Coffee
691.0,711.0,728.0,479.0,Coffee,Coffee
691.0,711.0,727.0,480.0,Coffee,Coffee
692.0,711.0,728.0,480.0,Coffee,Coffee
691.0,712.0,728.0,480.0,Coffee,Coffee
690.0,711.0,726.0,479.0,Coffee,Coffee
692.0,711.0,727.0,480.0,Coffee,Coffee
691.0,712.0,727.0,479.0,Coffee,Coffee
692.0,712.0,727.0,479.0,Coffee,Coffee
692.0,712.0,728.0,480.0,Coffee,Coffee
692.0,712.0,727.0,479.0,Coffee,Coffee
692.0,711.0,727.0,480.0,Coffee,Coffee
691.0,712.0,727.0,480.0,Coffee,Coffee
691.0,712.0,728.0,479.0,Coffee,Coffee
691.0,712.0,728.0,480.0,Coffee,Coffee
691.0,712.0,726.0,480.0,Coffee,Coffee
691.0,712.0,728.0,479.0,Coffee,Coffee
691.0,712.0,728.0,480.0,Coffee,Coffee
691.0,712.0,728.0,479.0,Coffee,Coffee
692.0,712.0,728.0,479.0,Coffee,Coffee
691.0,712.0,728.0,479.0,Coffee,Coffee
691.0,712.0,728.0,480.0,Coffee,Coffee
691.0,712.0,728.0,479.0,Coffee,Coffee
691.0,712.0,727.0,479.0,Coffee,Coffee
692.0,712.0,728.0,479.0,Coffee,Coffee
691.0,712.0,728.0,480.0,Coffee,Coffee
691.0,711.0,727.0,479.0,Coffee,Coffee
691.0,712.0,728.0,481.0,Coffee,Coffee
691.0,712.0,728.0,481.0,Coffee,Coffee
691.0,711.0,728.0,480.0,Coffee,Coffee
690.0,712.0,727.0,479.0,Coffee,Coffee
691.0,712.0,727.0,480.0,Coffee,Coffee
691.0,712.0,728.0,480.0,Coffee,Coffee
691.0,712.0,728.0,479.0,Coffee,Coffee
692.0,712.0,728.0,480.0,Coffee,Coffee
692.0,712.0,727.0,479.0,Coffee,Coffee
691.0,712.0,728.0,480.0,Coffee,Coffee
692.0,712.0,728.0,480.0,Coffee,Coffee
692.0,712.0,728.0,480.0,Coffee,Coffee
692.0,712.0,727.0,479.0,Coffee,Coffee
692.0,712.0,728.0,480.0,Coffee,Coffee
692.0,712.0,728.0,480.0,Coffee,Coffee
691.0,712.0,728.0,480.0,Coffee,Coffee
691.0,713.0,728.0,480.0,Coffee,Coffee
692.0,712.0,729.0,480.0,Coffee,Coffee
691.0,712.0,729.0,479.0,Coffee,Coffee
692.0,712.0,728.0,480.0,Coffee,Coffee
692.0,712.0,728.0,479.0,Coffee,Coffee
691.0,712.0,728.0,481.0,Coffee,Coffee
691.0,712.0,728.0,481.0,Coffee,Coffee
691.0,712.0,729.0,480.0,Coffee,Coffee
691.0,712.0,728.0,480.0,Coffee,Coffee
691.0,712.0,728.0,480.0,Coffee,Coffee
692.0,712.0,728.0,480.0,Coffee,Coffee
692.0,712.0,728.0,480.0,Coffee,Coffee
692.0,712.0,727.0,480.0,Coffee,Coffee
691.0,712.0,728.0,480.0,Coffee,Coffee
691.0,712.0,728.0,481.0,Coffee,Coffee
692.0,712.0,728.0,480.0,Coffee,Coffee
692.0,713.0,728.0,480.0,Coffee,Coffee
691.0,713.0,728.0,480.0,Coffee,Coffee
692.0,712.0,729.0,480.0,Coffee,Coffee
691.0,712.0,728.0,480.0,Coffee,Coffee
691.0,713.0,728.0,480.0,Coffee,Coffee
692.0,712.0,727.0,479.0,Coffee,Coffee
691.0,713.0,728.0,481.0,Coffee,Coffee
692.0,713.0,728.0,480.0,Coffee,Coffee
690.0,712.0,728.0,480.0,Coffee,Coffee
692.0,712.0,728.0,479.0,Coffee,Coffee
691.0,713.0,728.0,480.0,Coffee,Coffee
691.0,712.0,728.0,480.0,Coffee,Coffee
692.0,713.0,728.0,480.0,Coffee,Coffee
691.0,713.0,728.0,481.0,Coffee,Coffee
692.0,713.0,728.0,480.0,Coffee,Coffee
691.0,712.0,728.0,481.0,Coffee,Coffee
691.0,712.0,728.0,481.0,Coffee,Coffee
692.0,713.0,728.0,480.0,Coffee,Coffee
691.0,712.0,728.0,480.0,Coffee,Coffee
691.0,712.0,729.0,480.0,Coffee,Coffee
691.0,712.0,728.0,480.0,Coffee,Coffee
691.0,712.0,728.0,480.0,Coffee,Coffee
691.0,712.0,728.0,480.0,Coffee,Coffee
691.0,713.0,729.0,481.0,Coffee,Coffee
692.0,713.0,728.0,480.0,Coffee,Coffee
692.0,713.0,728.0,481.0,Coffee,Coffee
691.0,713.0,728.0,480.0,Coffee,Coffee
692.0,713.0,728.0,480.0,Coffee,Coffee
692.0,712.0,728.0,480.0,Coffee,Coffee
691.0,712.0,728.0,481.0,Coffee,Coffee
692.0,713.0,729.0,481.0,Coffee,Coffee
692.0,713.0,728.0,480.0,Coffee,Coffee
692.0,712.0,728.0,481.0,Coffee,Coffee
691.0,712.0,728.0,480.0,Coffee,Coffee
692.0,712.0,728.0,480.0,Coffee,Coffee
691.0,713.0,729.0,481.0,Coffee,Coffee
692.0,713.0,728.0,481.0,Coffee,Coffee
692.0,712.0,728.0,480.0,Coffee,Coffee
691.0,712.0,729.0,480.0,Coffee,Coffee
691.0,713.0,728.0,480.0,Coffee,Coffee
692.0,712.0,729.0,480.0,Coffee,Coffee
691.0,713.0,728.0,480.0,Coffee,Coffee
691.0,713.0,729.0,480.0,Coffee,Coffee
691.0,713.0,729.0,481.0,Coffee,Coffee
692.0,713.0,728.0,480.0,Coffee,Coffee
692.0,712.0,728.0,481.0,Coffee,Coffee
691.0,712.0,728.0,480.0,Coffee,Coffee
692.0,713.0,728.0,480.0,Coffee,Coffee
691.0,713.0,728.0,481.0,Coffee,Coffee
691.0,713.0,729.0,480.0,Coffee,Coffee
692.0,712.0,728.0,480.0,Coffee,Coffee
691.0,712.0,728.0,480.0,Coffee,Coffee
692.0,713.0,729.0,479.0,Coffee,Coffee
691.0,714.0,729.0,480.0,Coffee,Coffee
690.0,712.0,729.0,481.0,Coffee,Coffee
691.0,713.0,728.0,480.0,Coffee,Coffee
691.0,713.0,729.0,480.0,Coffee,Coffee
692.0,712.0,729.0,480.0,Coffee,Coffee
691.0,713.0,729.0,480.0,Coffee,Coffee
691.0,713.0,728.0,480.0,Coffee,Coffee
691.0,712.0,729.0,480.0,Coffee,Coffee
692.0,713.0,729.0,480.0,Coffee,Coffee
692.0,713.0,728.0,480.0,Coffee,Coffee
692.0,712.0,730.0,480.0,Coffee,Coffee
692.0,712.0,728.0,481.0,Coffee,Coffee
691.0,713.0,728.0,480.0,Coffee,Coffee
691.0,713.0,728.0,481.0,Coffee,Coffee
692.0,713.0,729.0,482.0,Coffee,Coffee
691.0,713.0,729.0,480.0,Coffee,Coffee
691.0,713.0,729.0,481.0,Coffee,Coffee
691.0,712.0,728.0,481.0,Coffee,Coffee
691.0,713.0,728.0,480.0,Coffee,Coffee
691.0,713.0,729.0,480.0,Coffee,Coffee
692.0,713.0,728.0,481.0,Coffee,Coffee
691.0,712.0,728.0,481.0,Coffee,Coffee
692.0,713.0,730.0,481.0,Coffee,Coffee
692.0,714.0,728.0,480.0,Coffee,Coffee
692.0,714.0,728.0,481.0,Coffee,Coffee
691.0,713.0,728.0,481.0,Coffee,Coffee
691.0,713.0,728.0,481.0,Coffee,Coffee
692.0,713.0,729.0,480.0,Coffee,Coffee
691.0,713.0,728.0,481.0,Coffee,Coffee
692.0,713.0,729.0,480.0,Coffee,Coffee
692.0,712.0,729.0,481.0,Coffee,Coffee
692.0,713.0,729.0,480.0,Coffee,Coffee
691.0,713.0,728.0,481.0,Coffee,Coffee
692.0,713.0,729.0,480.0,Coffee,Coffee
691.0,713.0,729.0,481.0,Coffee,Coffee
691.0,712.0,728.0,481.0,Coffee,Coffee
692.0,713.0,729.0,482.0,Coffee,Coffee
691.0,713.0,729.0,480.0,Coffee,Coffee
691.0,714.0,729.0,481.0,Coffee,Coffee
691.0,713.0,729.0,481.0,Coffee,Coffee
692.0,713.0,728.0,481.0,Coffee,Coffee
691.0,713.0,729.0,481.0,Coffee,Coffee
691.0,713.0,729.0,481.0,Coffee,Coffee
692.0,713.0,728.0,481.0,Coffee,Coffee
691.0,713.0,728.0,481.0,Coffee,Coffee
691.0,714.0,729.0,481.0,Coffee,Coffee
691.0,713.0,729.0,481.0,Coffee,Coffee
692.0,713.0,730.0,480.0,Coffee,Coffee
692.0,712.0,729.0,481.0,Coffee,Coffee
692.0,713.0,729.0,480.0,Coffee,Coffee
692.0,713.0,729.0,481.0,Coffee,Coffee
691.0,713.0,730.0,480.0,Coffee,Coffee
692.0,714.0,728.0,481.0,Coffee,Coffee
691.0,714.0,729.0,481.0,Coffee,Coffee
691.0,713.0,730.0,480.0,Coffee,Coffee
691.0,713.0,729.0,481.0,Coffee,Coffee
691.0,713.0,730.0,481.0,Coffee,Coffee
692.0,713.0,729.0,481.0,Coffee,Coffee
691.0,714.0,730.0,480.0,Coffee,Coffee
692.0,714.0,730.0,481.0,Coffee,Coffee
691.0,713.0,730.0,480.0,Coffee,Coffee
691.0,714.0,730.0,480.0,Coffee,Coffee
691.0,713.0,729.0,480.0,Coffee,Coffee
691.0,714.0,729.0,482.0,Coffee,Coffee
691.0,714.0,730.0,480.0,Coffee,Coffee
691.0,713.0,729.0,481.0,Coffee,Coffee
692.0,712.0,729.0,480.0,Coffee,Coffee
692.0,714.0,729.0,481.0,Coffee,Coffee
691.0,714.0,729.0,480.0,Coffee,Coffee
691.0,713.0,729.0,480.0,Coffee,Coffee
692.0,713.0,729.0,481.0,Coffee,Coffee
692.0,714.0,729.0,481.0,Coffee,Coffee
691.0,714.0,729.0,481.0,Coffee,Coffee
692.0,713.0,729.0,480.0,Coffee,Coffee
691.0,713.0,730.0,482.0,Coffee,Coffee
691.0,713.0,729.0,481.0,Coffee,Coffee
692.0,713.0,730.0,480.0,Coffee,Coffee
692.0,712.0,730.0,480.0,Coffee,Coffee
691.0,714.0,729.0,480.0,Coffee,Coffee
692.0,714.0,729.0,481.0,Coffee,Coffee
691.0,713.0,728.0,480.0,Coffee,Coffee
691.0,714.0,729.0,481.0,Coffee,Coffee
691.0,713.0,729.0,481.0,Coffee,Coffee
691.0,713.0,729.0,481.0,Coffee,Coffee
691.0,714.0,730.0,482.0,Coffee,Coffee
691.0,714.0,729.0,482.0,Coffee,Coffee
692.0,713.0,730.0,481.0,Coffee,Coffee
691.0,714.0,730.0,481.0,Coffee,Coffee
692.0,714.0,729.0,481.0,Coffee,Coffee
692.0,714.0,730.0,480.0,Coffee,Coffee
692.0,714.0,729.0,482.0,Coffee,Coffee
691.0,714.0,730.0,481.0,Coffee,Coffee
691.0,714.0,730.0,481.0,Coffee,Coffee
691.0,713.0,729.0,481.0,Coffee,Coffee
692.0,714.0,729.0,481.0,Coffee,Coffee
692.0,713.0,730.0,481.0,Coffee,Coffee
691.0,714.0,729.0,480.0,Coffee,Coffee
692.0,714.0,730.0,480.0,Coffee,Coffee
692.0,713.0,729.0,481.0,Coffee,Coffee
692.0,714.0,728.0,481.0,Coffee,Coffee
692.0,713.0,730.0,481.0,Coffee,Coffee
691.0,714.0,730.0,481.0,Coffee,Coffee
692.0,714.0,729.0,480.0,Coffee,Coffee
692.0,714.0,729.0,480.0,Coffee,Coffee
691.0,714.0,729.0,481.0,Coffee,Coffee
692.0,714.0,730.0,480.0,Coffee,Coffee
691.0,714.0,730.0,482.0,Coffee,Coffee
692.0,713.0,729.0,481.0,Coffee,Coffee
691.0,713.0,730.0,480.0,Coffee,Coffee
692.0,713.0,730.0,481.0,Coffee,Coffee
692.0,714.0,730.0,481.0,Coffee,Coffee
692.0,714.0,730.0,481.0,Coffee,Coffee
692.0,713.0,730.0,481.0,Coffee,Coffee
691.0,714.0,729.0,481.0,Coffee,Coffee
692.0,713.0,730.0,481.0,Coffee,Coffee
692.0,713.0,730.0,481.0,Coffee,Coffee
692.0,714.0,729.0,481.0,Coffee,Coffee
692.0,714.0,729.0,480.0,Coffee,Coffee
691.0,714.0,730.0,481.0,Coffee,Coffee
692.0,713.0,730.0,481.0,Coffee,Coffee
691.0,713.0,730.0,481.0,Coffee,Coffee
691.0,714.0,730.0,481.0,Coffee,Coffee
692.0,713.0,730.0,481.0,Coffee,Coffee
691.0,714.0,730.0,481.0,Coffee,Coffee
692.0,714.0,730.0,482.0,Coffee,Coffee
692.0,713.0,729.0,481.0,Coffee,Coffee
692.0,714.0,729.0,480.0,Coffee,Coffee
692.0,713.0,730.0,481.0,Coffee,Coffee
692.0,714.0,730.0,482.0,Coffee,Coffee
692.0,714.0,730.0,482.0,Coffee,Coffee
692.0,714.0,730.0,481.0,Coffee,Coffee
692.0,714.0,730.0,481.0,Coffee,Coffee
692.0,713.0,730.0,480.0,Coffee,Coffee
692.0,713.0,729.0,481.0,Coffee,Coffee
692.0,714.0,729.0,481.0,Coffee,Coffee
692.0,714.0,730.0,482.0,Coffee,Coffee
691.0,713.0,730.0,481.0,Coffee,Coffee
692.0,713.0,730.0,482.0,Coffee,Coffee
692.0,714.0,730.0,481.0,Coffee,Coffee
691.0,714.0,730.0,480.0,Coffee,Coffee
692.0,714.0,730.0,481.0,Coffee,Coffee
692.0,714.0,730.0,481.0,Coffee,Coffee
692.0,713.0,730.0,481.0,Coffee,Coffee
691.0,713.0,730.0,482.0,Coffee,Coffee
691.0,713.0,730.0,482.0,Coffee,Coffee
692.0,713.0,730.0,482.0,Coffee,Coffee
691.0,714.0,731.0,481.0,Coffee,Coffee
692.0,714.0,730.0,482.0,Coffee,Coffee
691.0,714.0,730.0,481.0,Coffee,Coffee
692.0,714.0,730.0,482.0,Coffee,Coffee
692.0,714.0,730.0,481.0,Coffee,Coffee
691.0,713.0,729.0,481.0,Coffee,Coffee
691.0,714.0,729.0,481.0,Coffee,Coffee
692.0,715.0,729.0,481.0,Coffee,Coffee
692.0,714.0,730.0,481.0,Coffee,Coffee
692.0,714.0,730.0,482.0,Coffee,Coffee
691.0,714.0,730.0,481.0,Coffee,Coffee
691.0,714.0,730.0,481.0,Coffee,Coffee
691.0,714.0,730.0,482.0,Coffee,Coffee
692.0,714.0,730.0,480.0,Coffee,Coffee
692.0,714.0,730.0,481.0,Coffee,Coffee
692.0,714.0,730.0,481.0,Coffee,Coffee
692.0,714.0,730.0,482.0,Coffee,Coffee
692.0,714.0,730.0,481.0,Coffee,Coffee
692.0,715.0,730.0,482.0,Coffee,Coffee
691.0,713.0,730.0,481.0,Coffee,Coffee
692.0,715.0,729.0,480.0,Coffee,Coffee
692.0,714.0,730.0,482.0,Coffee,Coffee
692.0,714.0,730.0,481.0,Coffee,Coffee
691.0,714.0,730.0,481.0,Coffee,Coffee
692.0,714.0,730.0,482.0,Coffee,Coffee
692.0,714.0,730.0,481.0,Coffee,Coffee
691.0,714.0,730.0,482.0,Coffee,Coffee
691.0,714.0,730.0,482.0,Coffee,Coffee
691.0,715.0,730.0,482.0,Coffee,Coffee
691.0,714.0,730.0,481.0,Coffee,Coffee
692.0,715.0,730.0,481.0,Coffee,Coffee
692.0,715.0,731.0,481.0,Coffee,Coffee
692.0,714.0,729.0,482.0,Coffee,Coffee
691.0,714.0,731.0,481.0,Coffee,Coffee
691.0,714.0,730.0,482.0,Coffee,Coffee
692.0,715.0,730.0,482.0,Coffee,Coffee
691.0,714.0,729.0,481.0,Coffee,Coffee
692.0,715.0,729.0,482.0,Coffee,Coffee
691.0,714.0,730.0,483.0,Coffee,Coffee
692.0,714.0,730.0,481.0,Coffee,Coffee
691.0,714.0,731.0,482.0,Coffee,Coffee
691.0,714.0,731.0,482.0,Coffee,Coffee
692.0,714.0,730.0,482.0,Coffee,Coffee
691.0,713.0,730.0,482.0,Coffee,Coffee
692.0,714.0,730.0,482.0,Coffee,Coffee
692.0,715.0,731.0,481.0,Coffee,Coffee
692.0,714.0,730.0,481.0,Coffee,Coffee
691.0,714.0,731.0,482.0,Coffee,Coffee
692.0,714.0,730.0,482.0,Coffee,Coffee
692.0,714.0,730.0,482.0,Coffee,Coffee
692.0,714.0,730.0,482.0,Coffee,Coffee
691.0,714.0,730.0,482.0,Coffee,Coffee
692.0,715.0,730.0,481.0,Coffee,Coffee
692.0,715.0,729.0,483.0,Coffee,Coffee
692.0,714.0,731.0,482.0,Coffee,Coffee
692.0,714.0,730.0,481.0,Coffee,Coffee
691.0,715.0,731.0,482.0,Coffee,Coffee
692.0,715.0,731.0,482.0,Coffee,Coffee
691.0,715.0,730.0,482.0,Coffee,Coffee
691.0,715.0,729.0,482.0,Coffee,Coffee
691.0,715.0,730.0,482.0,Coffee,Coffee
692.0,714.0,729.0,481.0,Coffee,Coffee
692.0,714.0,730.0,481.0,Coffee,Coffee
692.0,714.0,730.0,482.0,Coffee,Coffee
692.0,714.0,730.0,482.0,Coffee,Coffee
692.0,715.0,731.0,482.0,Coffee,Coffee
691.0,714.0,731.0,482.0,Coffee,Coffee
692.0,715.0,731.0,482.0,Coffee,Coffee
691.0,715.0,731.0,481.0,Coffee,Coffee
692.0,715.0,730.0,481.0,Coffee,Coffee
691.0,715.0,731.0,482.0,Coffee,Coffee
691.0,714.0,730.0,482.0,Coffee,Coffee
691.0,715.0,731.0,482.0,Coffee,Coffee
692.0,715.0,731.0,482.0,Coffee,Coffee
692.0,715.0,730.0,483.0,Coffee,Coffee
692.0,714.0,731.0,482.0,Coffee,Coffee
691.0,714.0,730.0,482.0,Coffee,Coffee
692.0,714.0,730.0,482.0,Coffee,Coffee
691.0,715.0,730.0,482.0,Coffee,Coffee
692.0,715.0,730.0,482.0,Coffee,Coffee
691.0,715.0,731.0,482.0,Coffee,Coffee
692.0,715.0,731.0,482.0,Coffee,Coffee
692.0,715.0,731.0,483.0,Coffee,Coffee
692.0,714.0,731.0,482.0,Coffee,Coffee
692.0,714.0,731.0,483.0,Coffee,Coffee
692.0,714.0,730.0,482.0,Coffee,Coffee
692.0,715.0,730.0,481.0,Coffee,Coffee
691.0,715.0,731.0,480.0,Coffee,Coffee
692.0,715.0,731.0,482.0,Coffee,Coffee
692.0,715.0,731.0,482.0,Coffee,Coffee
691.0,714.0,731.0,482.0,Coffee,Coffee
692.0,715.0,731.0,482.0,Coffee,Coffee
692.0,715.0,731.0,482.0,Coffee,Coffee
691.0,715.0,730.0,482.0,Coffee,Coffee
692.0,715.0,731.0,482.0,Coffee,Coffee
691.0,715.0,730.0,482.0,Coffee,Coffee
692.0,714.0,731.0,482.0,Coffee,Coffee
692.0,714.0,731.0,482.0,Coffee,Coffee
692.0,714.0,730.0,482.0,Coffee,Coffee
692.0,714.0,731.0,483.0,Coffee,Coffee
692.0,714.0,730.0,482.0,Coffee,Coffee
692.0,714.0,731.0,482.0,Coffee,Coffee
691.0,715.0,731.0,481.0,Coffee,Coffee
692.0,715.0,730.0,482.0,Coffee,Coffee
691.0,715.0,732.0,483.0,Coffee,Coffee
692.0,714.0,731.0,482.0,Coffee,Coffee
692.0,715.0,731.0,482.0,Coffee,Coffee
692.0,715.0,731.0,482.0,Coffee,Coffee
691.0,715.0,731.0,481.0,Coffee,Coffee
691.0,715.0,730.0,482.0,Coffee,Coffee
692.0,714.0,731.0,483.0,Coffee,Coffee
691.0,715.0,730.0,482.0,Coffee,Coffee
692.0,715.0,731.0,482.0,Coffee,Coffee
691.0,715.0,730.0,483.0,Coffee,Coffee
691.0,715.0,731.0,482.0,Coffee,Coffee
691.0,715.0,730.0,482.0,Coffee,Coffee
692.0,715.0,730.0,482.0,Coffee,Coffee
692.0,715.0,730.0,483.0,Coffee,Coffee
692.0,715.0,731.0,482.0,Coffee,Coffee
691.0,715.0,731.0,482.0,Coffee,Coffee
691.0,714.0,730.0,482.0,Coffee,Coffee
692.0,715.0,732.0,482.0,Coffee,Coffee
692.0,715.0,732.0,482.0,Coffee,Coffee
692.0,715.0,731.0,482.0,Coffee,Coffee
691.0,715.0,731.0,482.0,Coffee,Coffee
691.0,714.0,731.0,482.0,Coffee,Coffee
692.0,716.0,731.0,482.0,Coffee,Coffee
692.0,716.0,731.0,482.0,Coffee,Coffee
692.0,715.0,731.0,483.0,Coffee,Coffee
692.0,715.0,731.0,482.0,Coffee,Coffee
692.0,715.0,731.0,483.0,Coffee,Coffee
692.0,715.0,731.0,482.0,Coffee,Coffee
691.0,715.0,731.0,482.0,Coffee,Coffee
691.0,715.0,731.0,482.0,Coffee,Coffee
692.0,715.0,731.0,483.0,Coffee,Coffee
691.0,715.0,731.0,483.0,Coffee,Coffee
692.0,715.0,731.0,482.0,Coffee,Coffee
692.0,715.0,731.0,483.0,Coffee,Coffee
691.0,715.0,730.0,483.0,Coffee,Coffee
692.0,714.0,731.0,482.0,Coffee,Coffee
692.0,715.0,730.0,483.0,Coffee,Coffee
692.0,716.0,732.0,483.0,Coffee,Coffee
691.0,715.0,731.0,482.0,Coffee,Coffee
692.0,715.0,732.0,482.0,Coffee,Coffee
692.0,715.0,732.0,482.0,Coffee,Coffee
692.0,716.0,732.0,482.0,Coffee,Coffee
692.0,715.0,731.0,482.0,Coffee,Coffee
692.0,714.0,732.0,482.0,Coffee,Coffee
692.0,715.0,731.0,482.0,Coffee,Coffee
692.0,715.0,732.0,483.0,Coffee,Coffee
691.0,715.0,731.0,482.0,Coffee,Coffee
692.0,715.0,731.0,482.0,Coffee,Coffee
692.0,716.0,731.0,483.0,Coffee,Coffee
692.0,716.0,731.0,483.0,Coffee,Coffee
691.0,714.0,731.0,483.0,Coffee,Coffee
692.0,715.0,731.0,483.0,Coffee,Coffee
692.0,716.0,732.0,482.0,Coffee,Coffee
692.0,715.0,731.0,482.0,Coffee,Coffee
692.0,714.0,731.0,483.0,Coffee,Coffee
691.0,714.0,732.0,483.0,Coffee,Coffee
692.0,715.0,731.0,482.0,Coffee,Coffee
692.0,715.0,732.0,483.0,Coffee,Coffee
692.0,716.0,731.0,483.0,Coffee,Coffee
692.0,715.0,732.0,482.0,Coffee,Coffee
692.0,715.0,732.0,483.0,Coffee,Coffee
691.0,716.0,731.0,482.0,Coffee,Coffee
692.0,715.0,732.0,482.0,Coffee,Coffee
691.0,715.0,732.0,482.0,Coffee,Coffee
692.0,715.0,731.0,483.0,Coffee,Coffee
692.0,715.0,731.0,482.0,Coffee,Coffee
692.0,715.0,731.0,483.0,Coffee,Coffee
691.0,715.0,732.0,483.0,Coffee,Coffee
692.0,715.0,731.0,483.0,Coffee,Coffee
692.0,715.0,731.0,483.0,Coffee,Coffee
692.0,716.0,731.0,483.0,Coffee,Coffee
692.0,716.0,731.0,483.0,Coffee,Coffee
692.0,716.0,732.0,483.0,Coffee,Coffee
692.0,715.0,731.0,483.0,Coffee,Coffee
692.0,715.0,732.0,482.0,Coffee,Coffee
691.0,715.0,732.0,483.0,Coffee,Coffee
691.0,715.0,732.0,482.0,Coffee,Coffee
692.0,715.0,731.0,482.0,Coffee,Coffee
692.0,715.0,732.0,482.0,Coffee,Coffee
691.0,716.0,731.0,482.0,Coffee,Coffee
691.0,715.0,732.0,482.0,Coffee,Coffee
692.0,715.0,732.0,483.0,Coffee,Coffee
692.0,716.0,732.0,481.0,Coffee,Coffee
692.0,715.0,731.0,483.0,Coffee,Coffee
691.0,716.0,731.0,483.0,Coffee,Coffee
692.0,716.0,731.0,483.0,Coffee,Coffee
692.0,715.0,731.0,483.0,Coffee,Coffee
691.0,716.0,732.0,482.0,Coffee,Coffee
692.0,716.0,731.0,482.0,Coffee,Coffee
692.0,715.0,732.0,483.0,Coffee,Coffee
692.0,715.0,731.0,483.0,Coffee,Coffee
692.0,716.0,731.0,483.0,Coffee,Coffee
691.0,716.0,732.0,483.0,Coffee,Coffee
692.0,716.0,730.0,482.0,Coffee,Coffee
692.0,716.0,732.0,483.0,Coffee,Coffee
692.0,715.0,732.0,483.0,Coffee,Coffee
692.0,716.0,732.0,482.0,Coffee,Coffee
691.0,716.0,731.0,482.0,Coffee,Coffee
692.0,715.0,732.0,483.0,Coffee,Coffee
691.0,715.0,732.0,483.0,Coffee,Coffee
691.0,716.0,732.0,483.0,Coffee,Coffee
692.0,715.0,731.0,483.0,Coffee,Coffee
691.0,716.0,732.0,482.0,Coffee,Coffee
691.0,716.0,732.0,483.0,Coffee,Coffee
692.0,716.0,732.0,482.0,Coffee,Coffee
692.0,716.0,731.0,482.0,Coffee,Coffee
692.0,715.0,732.0,483.0,Coffee,Coffee
692.0,716.0,731.0,483.0,Coffee,Coffee
691.0,716.0,731.0,482.0,Coffee,Coffee
692.0,716.0,732.0,482.0,Coffee,Coffee
692.0,715.0,732.0,482.0,Coffee,Coffee
691.0,716.0,732.0,483.0,Coffee,Coffee
692.0,715.0,732.0,482.0,Coffee,Coffee
692.0,716.0,732.0,483.0,Coffee,Coffee
691.0,715.0,732.0,482.0,Coffee,Coffee
692.0,716.0,732.0,482.0,Coffee,Coffee
691.0,715.0,732.0,482.0,Coffee,Coffee
691.0,716.0,732.0,483.0,Coffee,Coffee
692.0,716.0,732.0,483.0,Coffee,Coffee
691.0,716.0,732.0,484.0,Coffee,Coffee
692.0,715.0,732.0,483.0,Coffee,Coffee
691.0,715.0,732.0,482.0,Coffee,Coffee
691.0,716.0,731.0,483.0,Coffee,Coffee
691.0,716.0,732.0,483.0,Coffee,Coffee
691.0,715.0,732.0,482.0,Coffee,Coffee
691.0,716.0,731.0,484.0,Coffee,Coffee
692.0,716.0,731.0,484.0,Coffee,Coffee
691.0,715.0,731.0,482.0,Coffee,Coffee
692.0,716.0,732.0,482.0,Coffee,Coffee
692.0,716.0,732.0,483.0,Coffee,Coffee
692.0,715.0,731.0,483.0,Coffee,Coffee
692.0,716.0,731.0,483.0,Coffee,Coffee
691.0,716.0,732.0,483.0,Coffee,Coffee
691.0,716.0,732.0,484.0,Coffee,Coffee
692.0,716.0,732.0,483.0,Coffee,Coffee
692.0,715.0,732.0,483.0,Coffee,Coffee
693.0,716.0,732.0,483.0,Coffee,Coffee
692.0,716.0,732.0,482.0,Coffee,Coffee
692.0,716.0,732.0,483.0,Coffee,Coffee
692.0,716.0,732.0,484.0,Coffee,Coffee
692.0,716.0,733.0,482.0,Coffee,Coffee
692.0,715.0,733.0,483.0,Coffee,Coffee
691.0,716.0,732.0,484.0,Coffee,Coffee
691.0,716.0,731.0,483.0,Coffee,Coffee
691.0,716.0,732.0,482.0,Coffee,Coffee
692.0,716.0,732.0,483.0,Coffee,Coffee
691.0,716.0,732.0,483.0,Coffee,Coffee
692.0,715.0,732.0,483.0,Coffee,Coffee
692.0,716.0,732.0,483.0,Coffee,Coffee
692.0,716.0,732.0,483.0,Coffee,Coffee
692.0,715.0,732.0,482.0,Coffee,Coffee
692.0,716.0,731.0,482.0,Coffee,Coffee
691.0,716.0,732.0,484.0,Coffee,Coffee
692.0,716.0,733.0,482.0,Coffee,Coffee
692.0,715.0,732.0,483.0,Coffee,Coffee
692.0,716.0,731.0,484.0,Coffee,Coffee
692.0,716.0,732.0,483.0,Coffee,Coffee
692.0,716.0,733.0,484.0,Coffee,Coffee
692.0,716.0,733.0,484.0,Coffee,Coffee
692.0,716.0,732.0,483.0,Coffee,Coffee
691.0,716.0,732.0,483.0,Coffee,Coffee
691.0,716.0,731.0,484.0,Coffee,Coffee
691.0,716.0,733.0,483.0,Coffee,Coffee
691.0,716.0,733.0,484.0,Coffee,Coffee
692.0,715.0,733.0,483.0,Coffee,Coffee
692.0,716.0,732.0,484.0,Coffee,Coffee
692.0,716.0,733.0,484.0,Coffee,Coffee
692.0,716.0,731.0,483.0,Coffee,Coffee
691.0,716.0,731.0,483.0,Coffee,Coffee
692.0,715.0,732.0,483.0,Coffee,Coffee
692.0,716.0,733.0,482.0,Coffee,Coffee
691.0,716.0,732.0,483.0,Coffee,Coffee
692.0,717.0,732.0,483.0,Coffee,Coffee
692.0,716.0,732.0,484.0,Coffee,Coffee
692.0,716.0,733.0,483.0,Coffee,Coffee
692.0,715.0,733.0,483.0,Coffee,Coffee
691.0,716.0,733.0,482.0,Coffee,Coffee
692.0,716.0,732.0,484.0,Coffee,Coffee
693.0,716.0,733.0,484.0,Coffee,Coffee
692.0,716.0,733.0,483.0,Coffee,Coffee
692.0,716.0,732.0,483.0,Coffee,Coffee
692.0,716.0,732.0,483.0,Coffee,Coffee
692.0,716.0,732.0,483.0,Coffee,Coffee
692.0,716.0,732.0,484.0,Coffee,Coffee
692.0,716.0,733.0,484.0,Coffee,Coffee
692.0,716.0,732.0,484.0,Coffee,Coffee
692.0,716.0,732.0,483.0,Coffee,Coffee
692.0,716.0,732.0,483.0,Coffee,Coffee
692.0,716.0,733.0,483.0,Coffee,Coffee
691.0,716.0,732.0,483.0,Coffee,Coffee
692.0,716.0,733.0,484.0,Coffee,Coffee
692.0,716.0,732.0,484.0,Coffee,Coffee
692.0,716.0,733.0,483.0,Coffee,Coffee
692.0,717.0,733.0,483.0,Coffee,Coffee
692.0,716.0,732.0,483.0,Coffee,Coffee
691.0,716.0,733.0,484.0,Coffee,Coffee
693.0,716.0,732.0,483.0,Coffee,Coffee
691.0,716.0,732.0,483.0,Coffee,Coffee
691.0,716.0,732.0,484.0,Coffee,Coffee
693.0,716.0,733.0,483.0,Coffee,Coffee
691.0,716.0,732.0,483.0,Coffee,Coffee
692.0,716.0,732.0,483.0,Coffee,Coffee
692.0,715.0,732.0,483.0,Coffee,Coffee
692.0,717.0,733.0,483.0,Coffee,Coffee
692.0,716.0,732.0,484.0,Coffee,Coffee
692.0,716.0,732.0,484.0,Coffee,Coffee
692.0,716.0,732.0,484.0,Coffee,Coffee
692.0,716.0,732.0,483.0,Coffee,Coffee
692.0,716.0,733.0,484.0,Coffee,Coffee
692.0,717.0,733.0,482.0,Coffee,Coffee
692.0,717.0,733.0,483.0,Coffee,Coffee
692.0,717.0,732.0,485.0,Coffee,Coffee
692.0,716.0,733.0,484.0,Coffee,Coffee
692.0,716.0,733.0,483.0,Coffee,Coffee
692.0,716.0,732.0,483.0,Coffee,Coffee
691.0,716.0,732.0,484.0,Coffee,Coffee
692.0,717.0,733.0,484.0,Coffee,Coffee
692.0,716.0,733.0,484.0,Coffee,Coffee
691.0,716.0,732.0,483.0,Coffee,Coffee
691.0,717.0,733.0,483.0,Coffee,Coffee
691.0,716.0,732.0,484.0,Coffee,Coffee
692.0,717.0,733.0,484.0,Coffee,Coffee
692.0,716.0,733.0,483.0,Coffee,Coffee
692.0,717.0,733.0,484.0,Coffee,Coffee
692.0,717.0,734.0,484.0,Coffee,Coffee
693.0,717.0,733.0,483.0,Coffee,Coffee
693.0,717.0,732.0,483.0,Coffee,Coffee
692.0,717.0,732.0,483.0,Coffee,Coffee
692.0,716.0,732.0,483.0,Coffee,Coffee
692.0,716.0,732.0,484.0,Coffee,Coffee
692.0,716.0,733.0,484.0,Coffee,Coffee
692.0,717.0,732.0,484.0,Coffee,Coffee
693.0,717.0,733.0,483.0,Coffee,Coffee
692.0,716.0,732.0,484.0,Coffee,Coffee
691.0,717.0,732.0,484.0,Coffee,Coffee
692.0,717.0,733.0,484.0,Coffee,Coffee
692.0,716.0,732.0,483.0,Coffee,Coffee
692.0,717.0,733.0,484.0,Coffee,Coffee
692.0,717.0,733.0,483.0,Coffee,Coffee
692.0,717.0,733.0,484.0,Coffee,Coffee
691.0,716.0,732.0,484.0,Coffee,Coffee
692.0,716.0,733.0,484.0,Coffee,Coffee
692.0,717.0,732.0,484.0,Coffee,Coffee
692.0,716.0,732.0,483.0,Coffee,Coffee
692.0,717.0,732.0,484.0,Coffee,Coffee
693.0,718.0,733.0,483.0,Coffee,Coffee
692.0,716.0,733.0,484.0,Coffee,Coffee
691.0,716.0,733.0,484.0,Coffee,Coffee
691.0,717.0,733.0,485.0,Coffee,Coffee
692.0,717.0,733.0,483.0,Coffee,Coffee
691.0,716.0,734.0,484.0,Coffee,Coffee
692.0,716.0,733.0,484.0,Coffee,Coffee
692.0,717.0,733.0,484.0,Coffee,Coffee
692.0,716.0,733.0,484.0,Coffee,Coffee
691.0,716.0,733.0,484.0,Coffee,Coffee
692.0,717.0,733.0,484.0,Coffee,Coffee
692.0,716.0,733.0,484.0,Coffee,Coffee
693.0,717.0,732.0,484.0,Coffee,Coffee
693.0,717.0,733.0,484.0,Coffee,Coffee
692.0,716.0,733.0,484.0,Coffee,Coffee
693.0,717.0,733.0,484.0,Coffee,Coffee
692.0,716.0,733.0,484.0,Coffee,Coffee
692.0,717.0,733.0,483.0,Coffee,Coffee
692.0,716.0,733.0,484.0,Coffee,Coffee
692.0,716.0,732.0,483.0,Coffee,Coffee
692.0,716.0,733.0,483.0,Coffee,Coffee
692.0,717.0,732.0,483.0,Coffee,Coffee
692.0,717.0,732.0,483.0,Coffee,Coffee
692.0,717.0,734.0,484.0,Coffee,Coffee
693.0,717.0,734.0,484.0,Coffee,Coffee
692.0,717.0,732.0,484.0,Coffee,Coffee
692.0,717.0,732.0,484.0,Coffee,Coffee
692.0,716.0,733.0,484.0,Coffee,Coffee
692.0,717.0,732.0,484.0,Coffee,Coffee
692.0,716.0,733.0,483.0,Coffee,Coffee
692.0,716.0,732.0,485.0,Coffee,Coffee
693.0,716.0,732.0,484.0,Coffee,Coffee
692.0,717.0,733.0,484.0,Coffee,Coffee
692.0,717.0,733.0,484.0,Coffee,Coffee
692.0,718.0,734.0,484.0,Coffee,Coffee
692.0,717.0,734.0,483.0,Coffee,Coffee
691.0,717.0,733.0,484.0,Coffee,Coffee
691.0,716.0,733.0,484.0,Coffee,Coffee
693.0,716.0,734.0,484.0,Coffee,Coffee
691.0,717.0,734.0,483.0,Coffee,Coffee
692.0,717.0,734.0,484.0,Coffee,Coffee
692.0,716.0,733.0,484.0,Coffee,Coffee
692.0,717.0,734.0,484.0,Coffee,Coffee
692.0,716.0,733.0,483.0,Coffee,Coffee
693.0,717.0,733.0,483.0,Coffee,Coffee
692.0,716.0,732.0,484.0,Coffee,Coffee
692.0,717.0,733.0,484.0,Coffee,Coffee
692.0,716.0,734.0,483.0,Coffee,Coffee
692.0,716.0,733.0,484.0,Coffee,Coffee
692.0,717.0,733.0,483.0,Coffee,Coffee
692.0,717.0,733.0,484.0,Coffee,Coffee
693.0,716.0,734.0,484.0,Coffee,Coffee
692.0,716.0,734.0,484.0,Coffee,Coffee
692.0,717.0,733.0,484.0,Coffee,Coffee
691.0,717.0,733.0,484.0,Coffee,Coffee
692.0,717.0,733.0,484.0,Coffee,Coffee
692.0,717.0,733.0,483.0,Coffee,Coffee
691.0,717.0,733.0,484.0,Coffee,Coffee
692.0,717.0,734.0,484.0,Coffee,Coffee
692.0,717.0,733.0,484.0,Coffee,Coffee
692.0,717.0,733.0,484.0,Coffee,Coffee
692.0,716.0,733.0,484.0,Coffee,Coffee
693.0,717.0,733.0,484.0,Coffee,Coffee
692.0,717.0,734.0,484.0,Coffee,Coffee
693.0,718.0,734.0,485.0,Coffee,Coffee
692.0,716.0,733.0,484.0,Coffee,Coffee
692.0,716.0,733.0,484.0,Coffee,Coffee
692.0,716.0,733.0,485.0,Coffee,Coffee
692.0,717.0,734.0,483.0,Coffee,Coffee
691.0,716.0,733.0,484.0,Coffee,Coffee
692.0,716.0,733.0,484.0,Coffee,Coffee
692.0,718.0,733.0,484.0,Coffee,Coffee
692.0,717.0,733.0,485.0,Coffee,Coffee
692.0,717.0,734.0,484.0,Coffee,Coffee
692.0,717.0,734.0,484.0,Coffee,Coffee
692.0,718.0,733.0,484.0,Coffee,Coffee
692.0,717.0,733.0,484.0,Coffee,Coffee
693.0,716.0,733.0,484.0,Coffee,Coffee
692.0,717.0,733.0,484.0,Coffee,Coffee
692.0,716.0,733.0,484.0,Coffee,Coffee
692.0,717.0,733.0,484.0,Coffee,Coffee
692.0,717.0,734.0,484.0,Coffee,Coffee
693.0,717.0,734.0,484.0,Coffee,Coffee
691.0,717.0,733.0,484.0,Coffee,Coffee
693.0,717.0,734.0,483.0,Coffee,Coffee
692.0,718.0,734.0,484.0,Coffee,Coffee
692.0,716.0,732.0,484.0,Coffee,Coffee
692.0,717.0,733.0,484.0,Coffee,Coffee
692.0,717.0,734.0,484.0,Coffee,Coffee
693.0,717.0,733.0,484.0,Coffee,Coffee
692.0,717.0,733.0,485.0,Coffee,Coffee
693.0,718.0,734.0,484.0,Coffee,Coffee
691.0,717.0,734.0,485.0,Coffee,Coffee
691.0,717.0,733.0,485.0,Coffee,Coffee
693.0,717.0,733.0,483.0,Coffee,Coffee
692.0,717.0,733.0,484.0,Coffee,Coffee
692.0,717.0,734.0,485.0,Coffee,Coffee
693.0,718.0,733.0,484.0,Coffee,Coffee
692.0,717.0,733.0,484.0,Coffee,Coffee
692.0,717.0,733.0,484.0,Coffee,Coffee
692.0,717.0,734.0,484.0,Coffee,Coffee
692.0,717.0,734.0,484.0,Coffee,Coffee
691.0,717.0,734.0,484.0,Coffee,Coffee
692.0,717.0,733.0,484.0,Coffee,Coffee
692.0,717.0,734.0,485.0,Coffee,Coffee
692.0,717.0,734.0,484.0,Coffee,Coffee
692.0,716.0,734.0,484.0,Coffee,Coffee
692.0,718.0,734.0,484.0,Coffee,Coffee
692.0,717.0,733.0,484.0,Coffee,Coffee
691.0,717.0,733.0,483.0,Coffee,Coffee
692.0,718.0,733.0,485.0,Coffee,Coffee
692.0,717.0,734.0,485.0,Coffee,Coffee
692.0,717.0,734.0,483.0,Coffee,Coffee
692.0,717.0,733.0,484.0,Coffee,Coffee
692.0,718.0,733.0,485.0,Coffee,Coffee
692.0,718.0,734.0,485.0,Coffee,Coffee
692.0,717.0,734.0,484.0,Coffee,Coffee
692.0,717.0,734.0,484.0,Coffee,Coffee
692.0,717.0,734.0,484.0,Coffee,Coffee
692.0,717.0,734.0,484.0,Coffee,Coffee
692.0,718.0,733.0,484.0,Coffee,Coffee
692.0,718.0,734.0,484.0,Coffee,Coffee
692.0,717.0,733.0,484.0,Coffee,Coffee
692.0,718.0,734.0,484.0,Coffee,Coffee
692.0,717.0,734.0,485.0,Coffee,Coffee
692.0,717.0,734.0,484.0,Coffee,Coffee
692.0,717.0,734.0,485.0,Coffee,Coffee
692.0,717.0,734.0,485.0,Coffee,Coffee
692.0,718.0,733.0,485.0,Coffee,Coffee
692.0,717.0,734.0,484.0,Coffee,Coffee
692.0,718.0,734.0,484.0,Coffee,Coffee
692.0,717.0,733.0,485.0,Coffee,Coffee
691.0,718.0,734.0,485.0,Coffee,Coffee
692.0,718.0,733.0,485.0,Coffee,Coffee
692.0,717.0,734.0,484.0,Coffee,Coffee
692.0,718.0,733.0,484.0,Coffee,Coffee
692.0,717.0,734.0,485.0,Coffee,Coffee
692.0,718.0,733.0,484.0,Coffee,Coffee
692.0,717.0,734.0,484.0,Coffee,Coffee
692.0,718.0,734.0,484.0,Coffee,Coffee
692.0,718.0,733.0,484.0,Coffee,Coffee
691.0,717.0,733.0,484.0,Coffee,Coffee
692.0,717.0,733.0,485.0,Coffee,Coffee
692.0,718.0,733.0,485.0,Coffee,Coffee
692.0,718.0,733.0,484.0,Coffee,Coffee
691.0,717.0,734.0,484.0,Coffee,Coffee
693.0,717.0,733.0,484.0,Coffee,Coffee
692.0,718.0,734.0,484.0,Coffee,Coffee
692.0,716.0,734.0,485.0,Coffee,Coffee
692.0,718.0,734.0,485.0,Coffee,Coffee
692.0,717.0,734.0,484.0,Coffee,Coffee
692.0,717.0,734.0,484.0,Coffee,Coffee
692.0,717.0,734.0,484.0,Coffee,Coffee
692.0,717.0,734.0,484.0,Coffee,Coffee
692.0,717.0,734.0,484.0,Coffee,Coffee
692.0,717.0,734.0,485.0,Coffee,Coffee
692.0,717.0,734.0,485.0,Coffee,Coffee
692.0,717.0,734.0,484.0,Coffee,Coffee
692.0,718.0,734.0,485.0,Coffee,Coffee
692.0,718.0,734.0,485.0,Coffee,Coffee
692.0,718.0,733.0,485.0,Coffee,Coffee
693.0,717.0,734.0,485.0,Coffee,Coffee
692.0,717.0,734.0,485.0,Coffee,Coffee
692.0,718.0,734.0,484.0,Coffee,Coffee
692.0,717.0,734.0,485.0,Coffee,Coffee
692.0,717.0,733.0,483.0,Coffee,Coffee
692.0,718.0,733.0,484.0,Coffee,Coffee
692.0,718.0,734.0,484.0,Coffee,Coffee
692.0,718.0,733.0,484.0,Coffee,Coffee
692.0,717.0,734.0,485.0,Coffee,Coffee
692.0,717.0,734.0,484.0,Coffee,Coffee
693.0,718.0,734.0,485.0,Coffee,Coffee
691.0,717.0,735.0,485.0,Coffee,Coffee
692.0,718.0,734.0,485.0,Coffee,Coffee
692.0,718.0,734.0,485.0,Coffee,Coffee
691.0,718.0,734.0,484.0,Coffee,Coffee
692.0,717.0,734.0,485.0,Coffee,Coffee
693.0,717.0,734.0,484.0,Coffee,Coffee
692.0,717.0,734.0,484.0,Coffee,Coffee
692.0,717.0,734.0,485.0,Coffee,Coffee
692.0,717.0,734.0,484.0,Coffee,Coffee
692.0,718.0,734.0,485.0,Coffee,Coffee
691.0,717.0,735.0,484.0,Coffee,Coffee
692.0,717.0,733.0,484.0,Coffee,Coffee
692.0,717.0,734.0,483.0,Coffee,Coffee
692.0,718.0,734.0,486.0,Coffee,Coffee
692.0,717.0,734.0,485.0,Coffee,Coffee
692.0,717.0,734.0,486.0,Coffee,Coffee
693.0,717.0,734.0,486.0,Coffee,Coffee
693.0,717.0,733.0,485.0,Coffee,Coffee
692.0,717.0,734.0,484.0,Coffee,Coffee
692.0,717.0,734.0,484.0,Coffee,Coffee
692.0,718.0,734.0,485.0,Coffee,Coffee
693.0,718.0,735.0,484.0,Coffee,Coffee
692.0,718.0,734.0,485.0,Coffee,Coffee
692.0,717.0,735.0,485.0,Coffee,Coffee
693.0,717.0,735.0,485.0,Coffee,Coffee
692.0,717.0,735.0,484.0,Coffee,Coffee
692.0,718.0,734.0,485.0,Coffee,Coffee
692.0,718.0,734.0,484.0,Coffee,Coffee
692.0,718.0,735.0,485.0,Coffee,Coffee
692.0,717.0,734.0,484.0,Coffee,Coffee
692.0,718.0,735.0,485.0,Coffee,Coffee
692.0,718.0,734.0,485.0,Coffee,Coffee
692.0,718.0,733.0,485.0,Coffee,Coffee
692.0,717.0,735.0,484.0,Coffee,Coffee
692.0,718.0,733.0,484.0,Coffee,Coffee
692.0,718.0,735.0,484.0,Coffee,Coffee
693.0,717.0,733.0,484.0,Coffee,Coffee
692.0,717.0,735.0,484.0,Coffee,Coffee
692.0,717.0,735.0,485.0,Coffee,Coffee
693.0,717.0,734.0,485.0,Coffee,Coffee
693.0,717.0,734.0,485.0,Coffee,Coffee
692.0,718.0,735.0,485.0,Coffee,Coffee
692.0,717.0,735.0,485.0,Coffee,Coffee
692.0,717.0,734.0,485.0,Coffee,Coffee
693.0,718.0,735.0,485.0,Coffee,Coffee
692.0,718.0,734.0,484.0,Coffee,Coffee
692.0,718.0,735.0,484.0,Coffee,Coffee
693.0,718.0,735.0,484.0,Coffee,Coffee
692.0,718.0,735.0,485.0,Coffee,Coffee
692.0,717.0,734.0,485.0,Coffee,Coffee
692.0,718.0,735.0,485.0,Coffee,Coffee
692.0,718.0,734.0,485.0,Coffee,Coffee
692.0,718.0,735.0,485.0,Coffee,Coffee
693.0,717.0,734.0,484.0,Coffee,Coffee
692.0,718.0,735.0,485.0,Coffee,Coffee
692.0,718.0,734.0,484.0,Coffee,Coffee
692.0,718.0,733.0,484.0,Coffee,Coffee
693.0,717.0,734.0,484.0,Coffee,Coffee
692.0,717.0,734.0,484.0,Coffee,Coffee
692.0,718.0,734.0,485.0,Coffee,Coffee
692.0,717.0,735.0,484.0,Coffee,Coffee
692.0,718.0,734.0,485.0,Coffee,Coffee
692.0,718.0,735.0,485.0,Coffee,Coffee
693.0,718.0,734.0,485.0,Coffee,Coffee
692.0,717.0,735.0,485.0,Coffee,Coffee
692.0,718.0,735.0,484.0,Coffee,Coffee
692.0,718.0,734.0,485.0,Coffee,Coffee
692.0,718.0,735.0,485.0,Coffee,Coffee
692.0,718.0,734.0,484.0,Coffee,Coffee
692.0,718.0,734.0,485.0,Coffee,Coffee
692.0,717.0,735.0,484.0,Coffee,Coffee
692.0,718.0,734.0,485.0,Coffee,Coffee
692.0,718.0,734.0,485.0,Coffee,Coffee
693.0,717.0,734.0,485.0,Coffee,Coffee
692.0,718.0,734.0,486.0,Coffee,Coffee
692.0,718.0,735.0,484.0,Coffee,Coffee
691.0,718.0,734.0,485.0,Coffee,Coffee
692.0,718.0,735.0,485.0,Coffee,Coffee
692.0,718.0,734.0,484.0,Coffee,Coffee
693.0,717.0,733.0,485.0,Coffee,Coffee
692.0,718.0,734.0,485.0,Coffee,Coffee
692.0,718.0,735.0,485.0,Coffee,Coffee
692.0,718.0,735.0,485.0,Coffee,Coffee
692.0,718.0,735.0,485.0,Coffee,Coffee
692.0,718.0,734.0,484.0,Coffee,Coffee
692.0,717.0,734.0,485.0,Coffee,Coffee
693.0,717.0,735.0,485.0,Coffee,Coffee
692.0,718.0,734.0,486.0,Coffee,Coffee
692.0,718.0,734.0,485.0,Coffee,Coffee
692.0,718.0,735.0,485.0,Coffee,Coffee
691.0,718.0,734.0,485.0,Coffee,Coffee
692.0,718.0,734.0,484.0,Coffee,Coffee
692.0,718.0,734.0,485.0,Coffee,Coffee
693.0,719.0,734.0,485.0,Coffee,Coffee
692.0,718.0,735.0,484.0,Coffee,Coffee
692.0,717.0,735.0,485.0,Coffee,Coffee
692.0,718.0,734.0,485.0,Coffee,Coffee
692.0,718.0,735.0,486.0,Coffee,Coffee
692.0,718.0,734.0,485.0,Coffee,Coffee
691.0,719.0,735.0,485.0,Coffee,Coffee
692.0,718.0,735.0,485.0,Coffee,Coffee
692.0,718.0,734.0,485.0,Coffee,Coffee
692.0,718.0,735.0,484.0,Coffee,Coffee
692.0,719.0,735.0,485.0,Coffee,Coffee
692.0,718.0,735.0,485.0,Coffee,Coffee
693.0,717.0,734.0,484.0,Coffee,Coffee
693.0,718.0,735.0,485.0,Coffee,Coffee
692.0,719.0,735.0,485.0,Coffee,Coffee
693.0,718.0,734.0,486.0,Coffee,Coffee
692.0,718.0,734.0,485.0,Coffee,Coffee
693.0,719.0,735.0,484.0,Coffee,Coffee
692.0,718.0,735.0,485.0,Coffee,Coffee
692.0,719.0,735.0,485.0,Coffee,Coffee
692.0,718.0,735.0,486.0,Coffee,Coffee
691.0,718.0,734.0,485.0,Coffee,Coffee
692.0,718.0,735.0,486.0,Coffee,Coffee
692.0,719.0,734.0,485.0,Coffee,Coffee
693.0,718.0,735.0,485.0,Coffee,Coffee
692.0,718.0,734.0,485.0,Coffee,Coffee
692.0,717.0,735.0,486.0,Coffee,Coffee
692.0,718.0,735.0,485.0,Coffee,Coffee
692.0,718.0,735.0,485.0,Coffee,Coffee
692.0,718.0,735.0,485.0,Coffee,Coffee
692.0,719.0,735.0,485.0,Coffee,Coffee
693.0,719.0,734.0,485.0,Coffee,Coffee
692.0,718.0,735.0,485.0,Coffee,Coffee
692.0,718.0,734.0,485.0,Coffee,Coffee
693.0,718.0,734.0,485.0,Coffee,Coffee
692.0,717.0,735.0,486.0,Coffee,Coffee
692.0,719.0,734.0,486.0,Coffee,Coffee
691.0,718.0,735.0,486.0,Coffee,Coffee
691.0,718.0,735.0,486.0,Coffee,Coffee
692.0,719.0,735.0,484.0,Coffee,Coffee
691.0,718.0,735.0,485.0,Coffee,Coffee
692.0,719.0,735.0,485.0,Coffee,Coffee
692.0,718.0,735.0,485.0,Coffee,Coffee
692.0,717.0,735.0,485.0,Coffee,Coffee
692.0,718.0,735.0,486.0,Coffee,Coffee
691.0,718.0,735.0,485.0,Coffee,Coffee
692.0,718.0,734.0,485.0,Coffee,Coffee
693.0,718.0,735.0,484.0,Coffee,Coffee
692.0,718.0,735.0,485.0,Coffee,Coffee
693.0,718.0,735.0,485.0,Coffee,Coffee
692.0,718.0,735.0,484.0,Coffee,Coffee
692.0,718.0,734.0,486.0,Coffee,Coffee
692.0,718.0,735.0,485.0,Coffee,Coffee
692.0,719.0,735.0,485.0,Coffee,Coffee
692.0,718.0,735.0,486.0,Coffee,Coffee
692.0,719.0,735.0,485.0,Coffee,Coffee
692.0,718.0,735.0,485.0,Coffee,Coffee
692.0,719.0,735.0,485.0,Coffee,Coffee
692.0,719.0,735.0,485.0,Coffee,Coffee
692.0,719.0,735.0,485.0,Coffee,Coffee
692.0,718.0,734.0,486.0,Coffee,Coffee
692.0,718.0,734.0,485.0,Coffee,Coffee
692.0,718.0,734.0,485.0,Coffee,Coffee
693.0,719.0,735.0,486.0,Coffee,Coffee
692.0,719.0,735.0,484.0,Coffee,Coffee
693.0,719.0,735.0,484.0,Coffee,Coffee
692.0,718.0,735.0,485.0,Coffee,Coffee
693.0,718.0,735.0,485.0,Coffee,Coffee
692.0,719.0,735.0,485.0,Coffee,Coffee
693.0,719.0,735.0,486.0,Coffee,Coffee
693.0,718.0,735.0,484.0,Coffee,Coffee
692.0,719.0,735.0,485.0,Coffee,Coffee
693.0,718.0,735.0,485.0,Coffee,Coffee
692.0,718.0,734.0,485.0,Coffee,Coffee
692.0,719.0,734.0,485.0,Coffee,Coffee
692.0,719.0,735.0,485.0,Coffee,Coffee
692.0,719.0,735.0,485.0,Coffee,Coffee
692.0,718.0,735.0,486.0,Coffee,Coffee
692.0,719.0,736.0,485.0,Coffee,Coffee
693.0,719.0,734.0,484.0,Coffee,Coffee
692.0,719.0,736.0,486.0,Coffee,Coffee
692.0,718.0,736.0,485.0,Coffee,Coffee
692.0,719.0,736.0,485.0,Coffee,Coffee
692.0,719.0,735.0,485.0,Coffee,Coffee
692.0,718.0,735.0,485.0,Coffee,Coffee
693.0,718.0,736.0,485.0,Coffee,Coffee
692.0,718.0,735.0,486.0,Coffee,Coffee
692.0,719.0,736.0,486.0,Coffee,Coffee
692.0,719.0,736.0,485.0,Coffee,Coffee
692.0,718.0,735.0,485.0,Coffee,Coffee
692.0,718.0,736.0,486.0,Coffee,Coffee
692.0,719.0,735.0,485.0,Coffee,Coffee
693.0,718.0,735.0,484.0,Coffee,Coffee
692.0,719.0,735.0,487.0,Coffee,Coffee
691.0,719.0,735.0,485.0,Coffee,Coffee
692.0,719.0,736.0,485.0,Coffee,Coffee
693.0,718.0,735.0,486.0,Coffee,Coffee
692.0,718.0,735.0,485.0,Coffee,Coffee
692.0,719.0,735.0,484.0,Coffee,Coffee
692.0,719.0,735.0,486.0,Coffee,Coffee
692.0,718.0,735.0,485.0,Coffee,Coffee
692.0,718.0,735.0,486.0,Coffee,Coffee
693.0,719.0,735.0,485.0,Coffee,Coffee
692.0,718.0,735.0,485.0,Coffee,Coffee
692.0,719.0,735.0,484.0,Coffee,Coffee
693.0,718.0,734.0,485.0,Coffee,Coffee
692.0,719.0,735.0,484.0,Coffee,Coffee
692.0,718.0,735.0,485.0,Coffee,Coffee
692.0,718.0,736.0,484.0,Coffee,Coffee
692.0,719.0,735.0,485.0,Coffee,Coffee
693.0,719.0,735.0,485.0,Coffee,Coffee
693.0,719.0,735.0,486.0,Coffee,Coffee
692.0,718.0,736.0,484.0,Coffee,Coffee
693.0,719.0,735.0,485.0,Coffee,Coffee
692.0,718.0,735.0,485.0,Coffee,Coffee
692.0,718.0,735.0,486.0,Coffee,Coffee
692.0,718.0,736.0,485.0,Coffee,Coffee
692.0,719.0,736.0,486.0,Coffee,Coffee
693.0,719.0,735.0,485.0,Coffee,Coffee
693.0,719.0,735.0,485.0,Coffee,Coffee
693.0,719.0,736.0,485.0,Coffee,Coffee
692.0,718.0,735.0,485.0,Coffee,Coffee
692.0,718.0,735.0,486.0,Coffee,Coffee
692.0,719.0,735.0,485.0,Coffee,Coffee
692.0,719.0,736.0,486.0,Coffee,Coffee
692.0,718.0,735.0,485.0,Coffee,Coffee
691.0,719.0,735.0,486.0,Coffee,Coffee
692.0,719.0,735.0,486.0,Coffee,Coffee
693.0,719.0,736.0,485.0,Coffee,Coffee
692.0,719.0,735.0,486.0,Coffee,Coffee
692.0,719.0,736.0,485.0,Coffee,Coffee
692.0,719.0,735.0,486.0,Coffee,Coffee
692.0,718.0,735.0,485.0,Coffee,Coffee
692.0,719.0,734.0,485.0,Coffee,Coffee
693.0,719.0,735.0,486.0,Coffee,Coffee
693.0,718.0,735.0,484.0,Coffee,Coffee
692.0,718.0,735.0,485.0,Coffee,Coffee
693.0,719.0,735.0,486.0,Coffee,Coffee
692.0,719.0,736.0,485.0,Coffee,Coffee
692.0,719.0,736.0,485.0,Coffee,Coffee
693.0,719.0,736.0,486.0,Coffee,Coffee
692.0,719.0,735.0,485.0,Coffee,Coffee
692.0,719.0,735.0,485.0,Coffee,Coffee
693.0,719.0,735.0,485.0,Coffee,Coffee
692.0,719.0,736.0,485.0,Coffee,Coffee
692.0,719.0,736.0,486.0,Coffee,Coffee
692.0,719.0,735.0,485.0,Coffee,Coffee
693.0,719.0,735.0,484.0,Coffee,Coffee
692.0,719.0,735.0,485.0,Coffee,Coffee
692.0,719.0,736.0,485.0,Coffee,Coffee
692.0,719.0,736.0,484.0,Coffee,Coffee
692.0,719.0,736.0,484.0,Coffee,Coffee
692.0,719.0,735.0,485.0,Coffee,Coffee
693.0,718.0,735.0,486.0,Coffee,Coffee
693.0,719.0,736.0,486.0,Coffee,Coffee
692.0,719.0,735.0,485.0,Coffee,Coffee
692.0,719.0,736.0,486.0,Coffee,Coffee
692.0,720.0,735.0,486.0,Coffee,Coffee
692.0,719.0,735.0,485.0,Coffee,Coffee
692.0,719.0,735.0,485.0,Coffee,Coffee
693.0,719.0,735.0,485.0,Coffee,Coffee
692.0,719.0,736.0,486.0,Coffee,Coffee
693.0,719.0,736.0,485.0,Coffee,Coffee
692.0,719.0,736.0,486.0,Coffee,Coffee
692.0,719.0,736.0,486.0,Coffee,Coffee
692.0,719.0,735.0,486.0,Coffee,Coffee
692.0,719.0,735.0,486.0,Coffee,Coffee
692.0,719.0,736.0,485.0,Coffee,Coffee
692.0,719.0,735.0,485.0,Coffee,Coffee
692.0,719.0,736.0,485.0,Coffee,Coffee
692.0,718.0,736.0,485.0,Coffee,Coffee
692.0,719.0,735.0,486.0,Coffee,Coffee
692.0,719.0,736.0,486.0,Coffee,Coffee
693.0,719.0,736.0,485.0,Coffee,Coffee
692.0,719.0,736.0,485.0,Coffee,Coffee
692.0,719.0,736.0,485.0,Coffee,Coffee
692.0,718.0,735.0,485.0,Coffee,Coffee
692.0,719.0,736.0,485.0,Coffee,Coffee
692.0,718.0,736.0,486.0,Coffee,Coffee
692.0,719.0,735.0,486.0,Coffee,Coffee
692.0,718.0,736.0,485.0,Coffee,Coffee
692.0,719.0,736.0,485.0,Coffee,Coffee
692.0,719.0,736.0,486.0,Coffee,Coffee
692.0,719.0,736.0,486.0,Coffee,Coffee
692.0,718.0,735.0,486.0,Coffee,Coffee
693.0,719.0,736.0,485.0,Coffee,Coffee
692.0,719.0,736.0,486.0,Coffee,Coffee
693.0,720.0,736.0,485.0,Coffee,Coffee
692.0,719.0,736.0,486.0,Coffee,Coffee
693.0,720.0,735.0,486.0,Coffee,Coffee
692.0,719.0,735.0,485.0,Coffee,Coffee
692.0,719.0,736.0,485.0,Coffee,Coffee
692.0,719.0,736.0,485.0,Coffee,Coffee
693.0,719.0,736.0,485.0,Coffee,Coffee
692.0,719.0,736.0,486.0,Coffee,Coffee
692.0,719.0,736.0,486.0,Coffee,Coffee
692.0,719.0,736.0,485.0,Coffee,Coffee
692.0,719.0,736.0,486.0,Coffee,Coffee
692.0,719.0,736.0,485.0,Coffee,Coffee
692.0,719.0,736.0,486.0,Coffee,Coffee
692.0,719.0,736.0,485.0,Coffee,Coffee
692.0,720.0,736.0,485.0,Coffee,Coffee
692.0,718.0,735.0,486.0,Coffee,Coffee
692.0,719.0,736.0,485.0,Coffee,Coffee
693.0,719.0,736.0,484.0,Coffee,Coffee
692.0,719.0,735.0,485.0,Coffee,Coffee
692.0,720.0,736.0,486.0,Coffee,Coffee
693.0,719.0,736.0,486.0,Coffee,Coffee
693.0,718.0,736.0,486.0,Coffee,Coffee
693.0,719.0,736.0,486.0,Coffee,Coffee
692.0,720.0,736.0,485.0,Coffee,Coffee
692.0,719.0,735.0,486.0,Coffee,Coffee
692.0,719.0,736.0,486.0,Coffee,Coffee
692.0,719.0,735.0,486.0,Coffee,Coffee
693.0,719.0,737.0,486.0,Coffee,Coffee
692.0,719.0,736.0,485.0,Coffee,Coffee
692.0,719.0,735.0,486.0,Coffee,Coffee
692.0,719.0,736.0,486.0,Coffee,Coffee
692.0,719.0,736.0,485.0,Coffee,Coffee
693.0,719.0,736.0,487.0,Coffee,Coffee
693.0,720.0,736.0,486.0,Coffee,Coffee
693.0,719.0,736.0,485.0,Coffee,Coffee
693.0,719.0,737.0,485.0,Coffee,Coffee
692.0,719.0,735.0,485.0,Coffee,Coffee
693.0,720.0,737.0,486.0,Coffee,Coffee
692.0,720.0,736.0,485.0,Coffee,Coffee
693.0,719.0,736.0,485.0,Coffee,Coffee
693.0,719.0,737.0,486.0,Coffee,Coffee
693.0,719.0,736.0,485.0,Coffee,Coffee
692.0,719.0,736.0,486.0,Coffee,Coffee
693.0,719.0,736.0,486.0,Coffee,Coffee
693.0,719.0,737.0,485.0,Coffee,Coffee
692.0,720.0,736.0,486.0,Coffee,Coffee
692.0,720.0,737.0,486.0,Coffee,Coffee
692.0,720.0,736.0,486.0,Coffee,Coffee
692.0,719.0,736.0,485.0,Coffee,Coffee
692.0,720.0,736.0,486.0,Coffee,Coffee
693.0,720.0,736.0,486.0,Coffee,Coffee
693.0,719.0,737.0,485.0,Coffee,Coffee
692.0,720.0,737.0,485.0,Coffee,Coffee
692.0,720.0,737.0,486.0,Coffee,Coffee
692.0,719.0,736.0,485.0,Coffee,Coffee
693.0,720.0,737.0,486.0,Coffee,Coffee
692.0,719.0,736.0,486.0,Coffee,Coffee
693.0,719.0,736.0,486.0,Coffee,Coffee
692.0,720.0,736.0,486.0,Coffee,Coffee
693.0,720.0,737.0,485.0,Coffee,Coffee
693.0,719.0,736.0,486.0,Coffee,Coffee
693.0,720.0,736.0,486.0,Coffee,Coffee
693.0,720.0,737.0,486.0,Coffee,Coffee
692.0,719.0,737.0,486.0,Coffee,Coffee
692.0,719.0,737.0,486.0,Coffee,Coffee
692.0,720.0,736.0,486.0,Coffee,Coffee
693.0,720.0,736.0,485.0,Coffee,Coffee
692.0,720.0,736.0,486.0,Coffee,Coffee
692.0,720.0,736.0,485.0,Coffee,Coffee
692.0,720.0,736.0,486.0,Coffee,Coffee
693.0,720.0,736.0,486.0,Coffee,Coffee
693.0,720.0,736.0,485.0,Coffee,Coffee
693.0,720.0,736.0,485.0,Coffee,Coffee
692.0,720.0,737.0,486.0,Coffee,Coffee
692.0,720.0,737.0,486.0,Coffee,Coffee
692.0,719.0,737.0,486.0,Coffee,Coffee
692.0,720.0,736.0,485.0,Coffee,Coffee
693.0,719.0,736.0,484.0,Coffee,Coffee
693.0,719.0,737.0,486.0,Coffee,Coffee
693.0,719.0,737.0,487.0,Coffee,Coffee
692.0,720.0,736.0,486.0,Coffee,Coffee
692.0,720.0,736.0,486.0,Coffee,Coffee
692.0,720.0,737.0,486.0,Coffee,Coffee
692.0,719.0,737.0,486.0,Coffee,Coffee
693.0,720.0,736.0,486.0,Coffee,Coffee
692.0,719.0,737.0,486.0,Coffee,Coffee
693.0,720.0,736.0,484.0,Coffee,Coffee
693.0,720.0,736.0,486.0,Coffee,Coffee
692.0,720.0,737.0,486.0,Coffee,Coffee
693.0,720.0,737.0,486.0,Coffee,Coffee
692.0,720.0,737.0,485.0,Coffee,Coffee
692.0,719.0,736.0,486.0,Coffee,Coffee
692.0,720.0,736.0,487.0,Coffee,Coffee
692.0,719.0,737.0,485.0,Coffee,Coffee
692.0,720.0,738.0,486.0,Coffee,Coffee
693.0,720.0,736.0,486.0,Coffee,Coffee
692.0,720.0,737.0,486.0,Coffee,Coffee
693.0,720.0,736.0,485.0,Coffee,Coffee
693.0,720.0,737.0,485.0,Coffee,Coffee
693.0,720.0,737.0,486.0,Coffee,Coffee
692.0,719.0,737.0,486.0,Coffee,Coffee
692.0,720.0,736.0,486.0,Coffee,Coffee
692.0,719.0,736.0,485.0,Coffee,Coffee
692.0,720.0,736.0,485.0,Coffee,Coffee
693.0,719.0,737.0,485.0,Coffee,Coffee
693.0,719.0,736.0,486.0,Coffee,Coffee
692.0,720.0,737.0,486.0,Coffee,Coffee
692.0,720.0,736.0,486.0,Coffee,Coffee
693.0,720.0,736.0,486.0,Coffee,Coffee
692.0,720.0,736.0,486.0,Coffee,Coffee
692.0,720.0,737.0,485.0,Coffee,Coffee
693.0,719.0,737.0,486.0,Coffee,Coffee
692.0,720.0,736.0,486.0,Coffee,Coffee
693.0,720.0,737.0,486.0,Coffee,Coffee
693.0,719.0,737.0,486.0,Coffee,Coffee
692.0,720.0,736.0,486.0,Coffee,Coffee
693.0,720.0,736.0,486.0,Coffee,Coffee
692.0,720.0,737.0,486.0,Coffee,Coffee
692.0,720.0,736.0,486.0,Coffee,Coffee
693.0,720.0,738.0,486.0,Coffee,Coffee
693.0,720.0,736.0,486.0,Coffee,Coffee
693.0,720.0,736.0,485.0,Coffee,Coffee
692.0,719.0,737.0,486.0,Coffee,Coffee
692.0,720.0,736.0,487.0,Coffee,Coffee
693.0,720.0,737.0,486.0,Coffee,Coffee
692.0,719.0,736.0,486.0,Coffee,Coffee
692.0,720.0,736.0,485.0,Coffee,Coffee
693.0,720.0,737.0,487.0,Coffee,Coffee
693.0,720.0,736.0,487.0,Coffee,Coffee
691.0,720.0,736.0,485.0,Coffee,Coffee
692.0,720.0,737.0,486.0,Coffee,Coffee
692.0,720.0,738.0,486.0,Coffee,Coffee
693.0,720.0,737.0,487.0,Coffee,Coffee
692.0,719.0,736.0,487.0,Coffee,Coffee
693.0,720.0,736.0,487.0,Coffee,Coffee
693.0,720.0,736.0,487.0,Coffee,Coffee
693.0,720.0,736.0,487.0,Coffee,Coffee
692.0,720.0,737.0,486.0,Coffee,Coffee
693.0,719.0,737.0,486.0,Coffee,Coffee
693.0,720.0,737.0,487.0,Coffee,Coffee
693.0,720.0,736.0,486.0,Coffee,Coffee
693.0,720.0,737.0,487.0,Coffee,Coffee
692.0,720.0,736.0,486.0,Coffee,Coffee
692.0,720.0,737.0,486.0,Coffee,Coffee
693.0,720.0,737.0,486.0,Coffee,Coffee
693.0,721.0,737.0,486.0,Coffee,Coffee
692.0,720.0,737.0,487.0,Coffee,Coffee
692.0,720.0,736.0,486.0,Coffee,Coffee
692.0,720.0,736.0,486.0,Coffee,Coffee
693.0,720.0,737.0,486.0,Coffee,Coffee
692.0,720.0,736.0,486.0,Coffee,Coffee
692.0,720.0,736.0,485.0,Coffee,Coffee
693.0,720.0,736.0,486.0,Coffee,Coffee
693.0,720.0,736.0,486.0,Coffee,Coffee
693.0,719.0,736.0,486.0,Coffee,Coffee
692.0,720.0,737.0,487.0,Coffee,Coffee
692.0,719.0,738.0,486.0,Coffee,Coffee
693.0,720.0,737.0,486.0,Coffee,Coffee
693.0,720.0,736.0,486.0,Coffee,Coffee
692.0,720.0,737.0,486.0,Coffee,Coffee
693.0,721.0,736.0,487.0,Coffee,Coffee
692.0,720.0,737.0,486.0,Coffee,Coffee
693.0,720.0,736.0,487.0,Coffee,Coffee
692.0,720.0,736.0,487.0,Coffee,Coffee
692.0,720.0,736.0,485.0,Coffee,Coffee
693.0,719.0,737.0,487.0,Coffee,Coffee
693.0,720.0,736.0,486.0,Coffee,Coffee
692.0,720.0,737.0,487.0,Coffee,Coffee
693.0,720.0,736.0,487.0,Coffee,Coffee
692.0,720.0,736.0,487.0,Coffee,Coffee
692.0,719.0,736.0,486.0,Coffee,Coffee
692.0,720.0,737.0,487.0,Coffee,Coffee
692.0,720.0,737.0,486.0,Coffee,Coffee
692.0,720.0,737.0,486.0,Coffee,Coffee
693.0,720.0,737.0,487.0,Coffee,Coffee
692.0,720.0,737.0,486.0,Coffee,Coffee
692.0,720.0,737.0,486.0,Coffee,Coffee
693.0,720.0,736.0,486.0,Coffee,Coffee
693.0,721.0,737.0,487.0,Coffee,Coffee
693.0,721.0,737.0,487.0,Coffee,Coffee
693.0,720.0,736.0,486.0,Coffee,Coffee
692.0,720.0,737.0,486.0,Coffee,Coffee
693.0,720.0,736.0,486.0,Coffee,Coffee
693.0,721.0,736.0,486.0,Coffee,Coffee
692.0,721.0,737.0,486.0,Coffee,Coffee
693.0,721.0,737.0,486.0,Coffee,Coffee
693.0,721.0,738.0,487.0,Coffee,Coffee
692.0,720.0,737.0,487.0,Coffee,Coffee
693.0,720.0,737.0,486.0,Coffee,Coffee
692.0,720.0,738.0,486.0,Coffee,Coffee
692.0,721.0,738.0,486.0,Coffee,Coffee
692.0,720.0,737.0,486.0,Coffee,Coffee
693.0,720.0,737.0,486.0,Coffee,Coffee
693.0,720.0,738.0,486.0,Coffee,Coffee
692.0,721.0,736.0,486.0,Coffee,Coffee
692.0,720.0,737.0,487.0,Coffee,Coffee
693.0,721.0,738.0,486.0,Coffee,Coffee
693.0,720.0,738.0,487.0,Coffee,Coffee
692.0,720.0,737.0,486.0,Coffee,Coffee
693.0,720.0,737.0,487.0,Coffee,Coffee
692.0,721.0,737.0,486.0,Coffee,Coffee
693.0,720.0,737.0,486.0,Coffee,Coffee
693.0,721.0,737.0,486.0,Coffee,Coffee
693.0,720.0,737.0,487.0,Coffee,Coffee
693.0,720.0,737.0,486.0,Coffee,Coffee
692.0,720.0,737.0,487.0,Coffee,Coffee
692.0,720.0,737.0,487.0,Coffee,Coffee
693.0,721.0,736.0,485.0,Coffee,Coffee
692.0,721.0,736.0,486.0,Coffee,Coffee
692.0,720.0,737.0,486.0,Coffee,Coffee
692.0,720.0,737.0,487.0,Coffee,Coffee
692.0,720.0,737.0,487.0,Coffee,Coffee
693.0,720.0,736.0,487.0,Coffee,Coffee
693.0,720.0,737.0,487.0,Coffee,Coffee
693.0,720.0,738.0,486.0,Coffee,Coffee
692.0,720.0,737.0,487.0,Coffee,Coffee
693.0,720.0,737.0,487.0,Coffee,Coffee
693.0,721.0,737.0,486.0,Coffee,Coffee
693.0,721.0,737.0,486.0,Coffee,Coffee
693.0,721.0,737.0,486.0,Coffee,Coffee
691.0,721.0,736.0,486.0,Coffee,Coffee
692.0,720.0,738.0,486.0,Coffee,Coffee
693.0,720.0,737.0,486.0,Coffee,Coffee
693.0,721.0,737.0,487.0,Coffee,Coffee
692.0,720.0,738.0,486.0,Coffee,Coffee
693.0,721.0,737.0,487.0,Coffee,Coffee
693.0,721.0,737.0,486.0,Coffee,Coffee
693.0,721.0,737.0,486.0,Coffee,Coffee
692.0,720.0,738.0,486.0,Coffee,Coffee
693.0,721.0,737.0,487.0,Coffee,Coffee
693.0,720.0,737.0,487.0,Coffee,Coffee
693.0,721.0,737.0,487.0,Coffee,Coffee
693.0,721.0,737.0,487.0,Coffee,Coffee
692.0,721.0,737.0,486.0,Coffee,Coffee
692.0,720.0,738.0,487.0,Coffee,Coffee
692.0,721.0,737.0,487.0,Coffee,Coffee
693.0,720.0,737.0,486.0,Coffee,Coffee
693.0,721.0,738.0,487.0,Coffee,Coffee
692.0,720.0,738.0,487.0,Coffee,Coffee
693.0,720.0,737.0,486.0,Coffee,Coffee
692.0,721.0,738.0,486.0,Coffee,Coffee
693.0,721.0,737.0,486.0,Coffee,Coffee
692.0,720.0,737.0,487.0,Coffee,Coffee
693.0,721.0,737.0,486.0,Coffee,Coffee
692.0,721.0,737.0,486.0,Coffee,Coffee
692.0,721.0,737.0,487.0,Coffee,Coffee
692.0,720.0,738.0,487.0,Coffee,Coffee
693.0,720.0,737.0,486.0,Coffee,Coffee
692.0,721.0,738.0,487.0,Coffee,Coffee
693.0,721.0,737.0,487.0,Coffee,Coffee
692.0,721.0,738.0,486.0,Coffee,Coffee
692.0,721.0,737.0,486.0,Coffee,Coffee
693.0,721.0,737.0,486.0,Coffee,Coffee
693.0,721.0,737.0,486.0,Coffee,Coffee
692.0,720.0,737.0,486.0,Coffee,Coffee
692.0,721.0,737.0,487.0,Coffee,Coffee
692.0,721.0,738.0,487.0,Coffee,Coffee
693.0,721.0,738.0,487.0,Coffee,Coffee
692.0,721.0,737.0,486.0,Coffee,Coffee
692.0,721.0,738.0,487.0,Coffee,Coffee
693.0,720.0,737.0,486.0,Coffee,Coffee
692.0,720.0,737.0,487.0,Coffee,Coffee
692.0,721.0,738.0,486.0,Coffee,Coffee
693.0,720.0,738.0,486.0,Coffee,Coffee
692.0,721.0,737.0,486.0,Coffee,Coffee
693.0,721.0,737.0,485.0,Coffee,Coffee
693.0,720.0,736.0,486.0,Coffee,Coffee
692.0,720.0,738.0,486.0,Coffee,Coffee
693.0,720.0,738.0,486.0,Coffee,Coffee
693.0,721.0,737.0,487.0,Coffee,Coffee
693.0,721.0,737.0,487.0,Coffee,Coffee
692.0,720.0,738.0,487.0,Coffee,Coffee
693.0,720.0,737.0,485.0,Coffee,Coffee
693.0,721.0,738.0,486.0,Coffee,Coffee
693.0,721.0,738.0,487.0,Coffee,Coffee
692.0,721.0,738.0,486.0,Coffee,Coffee
693.0,720.0,738.0,486.0,Coffee,Coffee
692.0,721.0,738.0,487.0,Coffee,Coffee
693.0,720.0,737.0,486.0,Coffee,Coffee
692.0,721.0,737.0,487.0,Coffee,Coffee
693.0,721.0,738.0,487.0,Coffee,Coffee
692.0,720.0,738.0,487.0,Coffee,Coffee
692.0,720.0,738.0,487.0,Coffee,Coffee
692.0,721.0,738.0,487.0,Coffee,Coffee
693.0,721.0,738.0,485.0,Coffee,Coffee
692.0,721.0,736.0,486.0,Coffee,Coffee
692.0,721.0,738.0,486.0,Coffee,Coffee
692.0,720.0,738.0,486.0,Coffee,Coffee
692.0,721.0,737.0,486.0,Coffee,Coffee
692.0,720.0,738.0,487.0,Coffee,Coffee
692.0,721.0,738.0,487.0,Coffee,Coffee
692.0,720.0,737.0,486.0,Coffee,Coffee
693.0,721.0,737.0,487.0,Coffee,Coffee
693.0,720.0,737.0,487.0,Coffee,Coffee
693.0,720.0,738.0,487.0,Coffee,Coffee
692.0,720.0,738.0,487.0,Coffee,Coffee
693.0,721.0,738.0,486.0,Coffee,Coffee
693.0,720.0,737.0,485.0,Coffee,Coffee
693.0,721.0,738.0,487.0,Coffee,Coffee
692.0,721.0,737.0,487.0,Coffee,Coffee
693.0,720.0,738.0,486.0,Coffee,Coffee
691.0,720.0,737.0,487.0,Coffee,Coffee
693.0,720.0,737.0,486.0,Coffee,Coffee
693.0,721.0,737.0,486.0,Coffee,Coffee
692.0,720.0,737.0,487.0,Coffee,Coffee
693.0,721.0,738.0,487.0,Coffee,Coffee
692.0,721.0,738.0,486.0,Coffee,Coffee
692.0,721.0,738.0,486.0,Coffee,Coffee
693.0,721.0,737.0,486.0,Coffee,Coffee
693.0,720.0,738.0,486.0,Coffee,Coffee
693.0,721.0,738.0,487.0,Coffee,Coffee
693.0,720.0,738.0,487.0,Coffee,Coffee
692.0,721.0,738.0,487.0,Coffee,Coffee
692.0,721.0,737.0,487.0,Coffee,Coffee
693.0,721.0,737.0,487.0,Coffee,Coffee
693.0,722.0,737.0,487.0,Coffee,Coffee
692.0,721.0,737.0,487.0,Coffee,Coffee
692.0,721.0,738.0,487.0,Coffee,Coffee
693.0,720.0,737.0,486.0,Coffee,Coffee
692.0,721.0,738.0,487.0,Coffee,Coffee
692.0,721.0,737.0,487.0,Coffee,Coffee
693.0,722.0,738.0,486.0,Coffee,Coffee
692.0,721.0,738.0,487.0,Coffee,Coffee
693.0,721.0,737.0,487.0,Coffee,Coffee
693.0,721.0,738.0,487.0,Coffee,Coffee
693.0,720.0,738.0,487.0,Coffee,Coffee
692.0,720.0,738.0,487.0,Coffee,Coffee
692.0,721.0,738.0,487.0,Coffee,Coffee
693.0,721.0,737.0,487.0,Coffee,Coffee
692.0,722.0,737.0,487.0,Coffee,Coffee
693.0,721.0,737.0,487.0,Coffee,Coffee
692.0,721.0,738.0,487.0,Coffee,Coffee
692.0,721.0,738.0,487.0,Coffee,Coffee
693.0,720.0,738.0,488.0,Coffee,Coffee
692.0,721.0,738.0,487.0,Coffee,Coffee
693.0,720.0,738.0,487.0,Coffee,Coffee
693.0,721.0,738.0,486.0,Coffee,Coffee
692.0,721.0,738.0,487.0,Coffee,Coffee
693.0,721.0,738.0,487.0,Coffee,Coffee
692.0,722.0,738.0,487.0,Coffee,Coffee
692.0,721.0,738.0,487.0,Coffee,Coffee
692.0,722.0,738.0,487.0,Coffee,Coffee
692.0,721.0,738.0,486.0,Coffee,Coffee
692.0,721.0,738.0,487.0,Coffee,Coffee
693.0,721.0,737.0,487.0,Coffee,Coffee
692.0,722.0,738.0,487.0,Coffee,Coffee
692.0,722.0,738.0,487.0,Coffee,Coffee
692.0,721.0,738.0,487.0,Coffee,Coffee
693.0,721.0,738.0,487.0,Coffee,Coffee
693.0,720.0,738.0,487.0,Coffee,Coffee
693.0,722.0,738.0,487.0,Coffee,Coffee
692.0,720.0,738.0,487.0,Coffee,Coffee
692.0,721.0,738.0,487.0,Coffee,Coffee
692.0,721.0,738.0,487.0,Coffee,Coffee
692.0,721.0,738.0,488.0,Coffee,Coffee
693.0,721.0,738.0,487.0,Coffee,Coffee
692.0,721.0,738.0,488.0,Coffee,Coffee
692.0,721.0,738.0,487.0,Coffee,Coffee
693.0,722.0,738.0,487.0,Coffee,Coffee
692.0,721.0,737.0,487.0,Coffee,Coffee
692.0,722.0,738.0,487.0,Coffee,Coffee
693.0,721.0,738.0,487.0,Coffee,Coffee
693.0,722.0,738.0,487.0,Coffee,Coffee
693.0,721.0,738.0,487.0,Coffee,Coffee
693.0,721.0,738.0,487.0,Coffee,Coffee
693.0,722.0,738.0,487.0,Coffee,Coffee
693.0,721.0,739.0,487.0,Coffee,Coffee
692.0,721.0,739.0,487.0,Coffee,Coffee
693.0,721.0,739.0,487.0,Coffee,Coffee
693.0,721.0,738.0,487.0,Coffee,Coffee
693.0,722.0,739.0,487.0,Coffee,Coffee
693.0,721.0,739.0,487.0,Coffee,Coffee
693.0,722.0,738.0,488.0,Coffee,Coffee
693.0,721.0,738.0,486.0,Coffee,Coffee
692.0,721.0,738.0,487.0,Coffee,Coffee
691.0,721.0,738.0,485.0,Coffee,Coffee
693.0,720.0,738.0,487.0,Coffee,Coffee
693.0,722.0,738.0,487.0,Coffee,Coffee
692.0,721.0,738.0,487.0,Coffee,Coffee
693.0,721.0,738.0,487.0,Coffee,Coffee
692.0,721.0,738.0,487.0,Coffee,Coffee
693.0,721.0,738.0,487.0,Coffee,Coffee
692.0,721.0,738.0,487.0,Coffee,Coffee
693.0,722.0,737.0,487.0,Coffee,Coffee
693.0,721.0,738.0,487.0,Coffee,Coffee
693.0,722.0,738.0,487.0,Coffee,Coffee
692.0,722.0,739.0,487.0,Coffee,Coffee
692.0,721.0,738.0,486.0,Coffee,Coffee
692.0,722.0,738.0,487.0,Coffee,Coffee
692.0,722.0,738.0,487.0,Coffee,Coffee
692.0,721.0,739.0,488.0,Coffee,Coffee
693.0,721.0,738.0,487.0,Coffee,Coffee
692.0,722.0,739.0,487.0,Coffee,Coffee
692.0,722.0,738.0,487.0,Coffee,Coffee
692.0,721.0,738.0,488.0,Coffee,Coffee
693.0,722.0,738.0,486.0,Coffee,Coffee
692.0,720.0,739.0,487.0,Coffee,Coffee
692.0,721.0,738.0,487.0,Coffee,Coffee
692.0,721.0,739.0,487.0,Coffee,Coffee
693.0,721.0,738.0,488.0,Coffee,Coffee
692.0,721.0,738.0,487.0,Coffee,Coffee
692.0,721.0,739.0,488.0,Coffee,Coffee
693.0,722.0,739.0,486.0,Coffee,Coffee
694.0,722.0,738.0,487.0,Coffee,Coffee
692.0,721.0,738.0,486.0,Coffee,Coffee
693.0,720.0,739.0,487.0,Coffee,Coffee
693.0,722.0,738.0,487.0,Coffee,Coffee
693.0,722.0,738.0,487.0,Coffee,Coffee
693.0,721.0,738.0,486.0,Coffee,Coffee
692.0,721.0,738.0,488.0,Coffee,Coffee
693.0,721.0,738.0,487.0,Coffee,Coffee
693.0,721.0,738.0,487.0,Coffee,Coffee
693.0,721.0,738.0,486.0,Coffee,Coffee
693.0,720.0,738.0,487.0,Coffee,Coffee
693.0,722.0,738.0,488.0,Coffee,Coffee
693.0,722.0,738.0,487.0,Coffee,Coffee
693.0,721.0,739.0,487.0,Coffee,Coffee
693.0,722.0,738.0,487.0,Coffee,Coffee
692.0,722.0,738.0,487.0,Coffee,Coffee
693.0,721.0,738.0,486.0,Coffee,Coffee
693.0,722.0,739.0,487.0,Coffee,Coffee
693.0,721.0,739.0,487.0,Coffee,Coffee
692.0,721.0,739.0,487.0,Coffee,Coffee
692.0,722.0,738.0,488.0,Coffee,Coffee
692.0,721.0,738.0,488.0,Coffee,Coffee
692.0,721.0,739.0,488.0,Coffee,Coffee
692.0,721.0,738.0,487.0,Coffee,Coffee
692.0,721.0,738.0,487.0,Coffee,Coffee
693.0,722.0,739.0,487.0,Coffee,Coffee
692.0,722.0,738.0,488.0,Coffee,Coffee
693.0,722.0,738.0,487.0,Coffee,Coffee
693.0,721.0,738.0,487.0,Coffee,Coffee
694.0,721.0,739.0,487.0,Coffee,Coffee
692.0,722.0,738.0,487.0,Coffee,Coffee
693.0,721.0,738.0,488.0,Coffee,Coffee
692.0,721.0,738.0,487.0,Coffee,Coffee
693.0,721.0,738.0,487.0,Coffee,Coffee
693.0,722.0,739.0,487.0,Coffee,Coffee
693.0,722.0,739.0,487.0,Coffee,Coffee
692.0,721.0,739.0,487.0,Coffee,Coffee
693.0,722.0,738.0,487.0,Coffee,Coffee
693.0,722.0,738.0,487.0,Coffee,Coffee
692.0,722.0,739.0,487.0,Coffee,Coffee
693.0,722.0,739.0,487.0,Coffee,Coffee
692.0,722.0,739.0,487.0,Coffee,Coffee
693.0,721.0,739.0,487.0,Coffee,Coffee
692.0,721.0,739.0,487.0,Coffee,Coffee
693.0,721.0,738.0,487.0,Coffee,Coffee
693.0,721.0,738.0,487.0,Coffee,Coffee
692.0,721.0,738.0,486.0,Coffee,Coffee
693.0,722.0,739.0,487.0,Coffee,Coffee
692.0,721.0,738.0,487.0,Coffee,Coffee
693.0,721.0,738.0,487.0,Coffee,Coffee
693.0,721.0,739.0,488.0,Coffee,Coffee
693.0,721.0,739.0,488.0,Coffee,Coffee
692.0,722.0,739.0,488.0,Coffee,Coffee
693.0,722.0,738.0,487.0,Coffee,Coffee
692.0,722.0,738.0,488.0,Coffee,Coffee
693.0,722.0,739.0,488.0,Coffee,Coffee
693.0,722.0,739.0,487.0,Coffee,Coffee
692.0,722.0,739.0,486.0,Coffee,Coffee
693.0,721.0,738.0,488.0,Coffee,Coffee
693.0,721.0,738.0,486.0,Coffee,Coffee
692.0,721.0,739.0,487.0,Coffee,Coffee
693.0,721.0,738.0,488.0,Coffee,Coffee
693.0,721.0,739.0,487.0,Coffee,Coffee
693.0,722.0,738.0,488.0,Coffee,Coffee
693.0,722.0,739.0,488.0,Coffee,Coffee
692.0,721.0,739.0,487.0,Coffee,Coffee
692.0,722.0,738.0,487.0,Coffee,Coffee
692.0,722.0,738.0,487.0,Coffee,Coffee
692.0,722.0,739.0,488.0,Coffee,Coffee
692.0,722.0,738.0,487.0,Coffee,Coffee
693.0,721.0,739.0,487.0,Coffee,Coffee
693.0,721.0,739.0,487.0,Coffee,Coffee
693.0,722.0,739.0,488.0,Coffee,Coffee
694.0,721.0,738.0,488.0,Coffee,Coffee
692.0,721.0,738.0,488.0,Coffee,Coffee
693.0,721.0,738.0,487.0,Coffee,Coffee
693.0,721.0,738.0,488.0,Coffee,Coffee
693.0,722.0,738.0,488.0,Coffee,Coffee
692.0,722.0,738.0,488.0,Coffee,Coffee
692.0,722.0,739.0,487.0,Coffee,Coffee
693.0,722.0,738.0,487.0,Coffee,Coffee
693.0,722.0,739.0,488.0,Coffee,Coffee
693.0,722.0,738.0,487.0,Coffee,Coffee
692.0,722.0,738.0,488.0,Coffee,Coffee
693.0,722.0,738.0,488.0,Coffee,Coffee
693.0,721.0,738.0,488.0,Coffee,Coffee
692.0,722.0,739.0,488.0,Coffee,Coffee
693.0,722.0,739.0,487.0,Coffee,Coffee
693.0,722.0,738.0,489.0,Coffee,Coffee
693.0,722.0,738.0,488.0,Coffee,Coffee
693.0,721.0,738.0,488.0,Coffee,Coffee
692.0,721.0,739.0,487.0,Coffee,Coffee
693.0,722.0,739.0,488.0,Coffee,Coffee
693.0,721.0,739.0,488.0,Coffee,Coffee
692.0,722.0,739.0,487.0,Coffee,Coffee
693.0,722.0,739.0,487.0,Coffee,Coffee
693.0,722.0,739.0,488.0,Coffee,Coffee
692.0,722.0,738.0,488.0,Coffee,Coffee
692.0,722.0,739.0,487.0,Coffee,Coffee
694.0,722.0,739.0,487.0,Coffee,Coffee
692.0,722.0,739.0,487.0,Coffee,Coffee
692.0,722.0,740.0,487.0,Coffee,Coffee
692.0,722.0,739.0,488.0,Coffee,Coffee
692.0,722.0,738.0,488.0,Coffee,Coffee
693.0,722.0,739.0,488.0,Coffee,Coffee
692.0,722.0,739.0,487.0,Coffee,Coffee
693.0,721.0,739.0,488.0,Coffee,Coffee
692.0,722.0,738.0,488.0,Coffee,Coffee
692.0,722.0,739.0,487.0,Coffee,Coffee
693.0,722.0,739.0,487.0,Coffee,Coffee
693.0,722.0,739.0,488.0,Coffee,Coffee
693.0,721.0,739.0,489.0,Coffee,Coffee
693.0,722.0,739.0,487.0,Coffee,Coffee
693.0,721.0,739.0,488.0,Coffee,Coffee
692.0,721.0,738.0,488.0,Coffee,Coffee
692.0,722.0,739.0,489.0,Coffee,Coffee
693.0,722.0,738.0,488.0,Coffee,Coffee
693.0,722.0,739.0,488.0,Coffee,Coffee
692.0,722.0,739.0,488.0,Coffee,Coffee
693.0,721.0,738.0,488.0,Coffee,Coffee
693.0,722.0,739.0,488.0,Coffee,Coffee
693.0,722.0,738.0,488.0,Coffee,Coffee
693.0,722.0,738.0,488.0,Coffee,Coffee
692.0,722.0,739.0,488.0,Coffee,Coffee
693.0,721.0,739.0,488.0,Coffee,Coffee
693.0,722.0,739.0,489.0,Coffee,Coffee
693.0,722.0,739.0,488.0,Coffee,Coffee
693.0,722.0,738.0,488.0,Coffee,Coffee
693.0,722.0,739.0,488.0,Coffee,Coffee
692.0,721.0,739.0,488.0,Coffee,Coffee
693.0,721.0,739.0,487.0,Coffee,Coffee
693.0,722.0,739.0,488.0,Coffee,Coffee
692.0,722.0,738.0,488.0,Coffee,Coffee
693.0,722.0,739.0,488.0,Coffee,Coffee
693.0,721.0,738.0,488.0,Coffee,Coffee
694.0,721.0,739.0,488.0,Coffee,Coffee
693.0,722.0,738.0,488.0,Coffee,Coffee
692.0,722.0,739.0,487.0,Coffee,Coffee
693.0,722.0,739.0,487.0,Coffee,Coffee
692.0,722.0,738.0,488.0,Coffee,Coffee
692.0,722.0,738.0,487.0,Coffee,Coffee
692.0,722.0,739.0,488.0,Coffee,Coffee
693.0,722.0,738.0,488.0,Coffee,Coffee
693.0,722.0,738.0,488.0,Coffee,Coffee
693.0,721.0,739.0,489.0,Coffee,Coffee
694.0,722.0,739.0,487.0,Coffee,Coffee
693.0,722.0,738.0,488.0,Coffee,Coffee
694.0,722.0,739.0,488.0,Coffee,Coffee
693.0,721.0,739.0,488.0,Coffee,Coffee
693.0,722.0,739.0,488.0,Coffee,Coffee
692.0,722.0,738.0,488.0,Coffee,Coffee
693.0,722.0,739.0,489.0,Coffee,Coffee
692.0,722.0,739.0,488.0,Coffee,Coffee
692.0,722.0,739.0,488.0,Coffee,Coffee
692.0,722.0,738.0,488.0,Coffee,Coffee
693.0,722.0,739.0,488.0,Coffee,Coffee
692.0,722.0,740.0,489.0,Coffee,Coffee
692.0,722.0,740.0,489.0,Coffee,Coffee
692.0,722.0,739.0,489.0,Coffee,Coffee
692.0,722.0,739.0,489.0,Coffee,Coffee
693.0,722.0,740.0,488.0,Coffee,Coffee
693.0,722.0,738.0,488.0,Coffee,Coffee
693.0,722.0,739.0,489.0,Coffee,Coffee
693.0,721.0,739.0,488.0,Coffee,Coffee
693.0,722.0,740.0,489.0,Coffee,Coffee
692.0,722.0,739.0,488.0,Coffee,Coffee
692.0,722.0,739.0,489.0,Coffee,Coffee
692.0,722.0,738.0,488.0,Coffee,Coffee
692.0,722.0,740.0,487.0,Coffee,Coffee
693.0,722.0,739.0,489.0,Coffee,Coffee
693.0,721.0,738.0,488.0,Coffee,Coffee
692.0,722.0,740.0,488.0,Coffee,Coffee
693.0,722.0,739.0,488.0,Coffee,Coffee
693.0,721.0,738.0,488.0,Coffee,Coffee
692.0,722.0,740.0,489.0,Coffee,Coffee
693.0,722.0,739.0,488.0,Coffee,Coffee
693.0,722.0,740.0,489.0,Coffee,Coffee
693.0,722.0,739.0,489.0,Coffee,Coffee
694.0,722.0,739.0,488.0,Coffee,Coffee
693.0,722.0,739.0,488.0,Coffee,Coffee
693.0,722.0,739.0,488.0,Coffee,Coffee
693.0,722.0,740.0,489.0,Coffee,Coffee
693.0,722.0,739.0,489.0,Coffee,Coffee
692.0,722.0,739.0,489.0,Coffee,Coffee
693.0,722.0,740.0,488.0,Coffee,Coffee
692.0,721.0,739.0,489.0,Coffee,Coffee
693.0,722.0,739.0,488.0,Coffee,Coffee
692.0,722.0,738.0,487.0,Coffee,Coffee
693.0,722.0,739.0,488.0,Coffee,Coffee
692.0,722.0,740.0,488.0,Coffee,Coffee
693.0,722.0,739.0,488.0,Coffee,Coffee
692.0,722.0,740.0,488.0,Coffee,Coffee
693.0,722.0,740.0,489.0,Coffee,Coffee
693.0,722.0,738.0,488.0,Coffee,Coffee
694.0,722.0,739.0,489.0,Coffee,Coffee
693.0,723.0,739.0,489.0,Coffee,Coffee
693.0,722.0,738.0,488.0,Coffee,Coffee
693.0,722.0,739.0,488.0,Coffee,Coffee
693.0,722.0,740.0,489.0,Coffee,Coffee
694.0,722.0,738.0,488.0,Coffee,Coffee
693.0,722.0,739.0,489.0,Coffee,Coffee
693.0,721.0,739.0,488.0,Coffee,Coffee
692.0,722.0,739.0,488.0,Coffee,Coffee
692.0,722.0,740.0,489.0,Coffee,Coffee
693.0,723.0,739.0,488.0,Coffee,Coffee
693.0,722.0,740.0,488.0,Coffee,Coffee
693.0,722.0,739.0,488.0,Coffee,Coffee
693.0,722.0,740.0,489.0,Coffee,Coffee
693.0,722.0,740.0,488.0,Coffee,Coffee
693.0,722.0,739.0,487.0,Coffee,Coffee
693.0,722.0,740.0,489.0,Coffee,Coffee
693.0,722.0,740.0,489.0,Coffee,Coffee
692.0,722.0,740.0,489.0,Coffee,Coffee
693.0,722.0,739.0,489.0,Coffee,Coffee
693.0,722.0,740.0,488.0,Coffee,Coffee
693.0,721.0,739.0,488.0,Coffee,Coffee
693.0,723.0,740.0,489.0,Coffee,Coffee
693.0,722.0,740.0,488.0,Coffee,Coffee
693.0,722.0,739.0,488.0,Coffee,Coffee
693.0,722.0,739.0,489.0,Coffee,Coffee
693.0,722.0,739.0,489.0,Coffee,Coffee
693.0,722.0,740.0,488.0,Coffee,Coffee
692.0,722.0,740.0,490.0,Coffee,Coffee
693.0,723.0,739.0,488.0,Coffee,Coffee
693.0,722.0,740.0,487.0,Coffee,Coffee
692.0,723.0,740.0,489.0,Coffee,Coffee
692.0,723.0,739.0,488.0,Coffee,Coffee
692.0,722.0,739.0,489.0,Coffee,Coffee
692.0,722.0,739.0,489.0,Coffee,Coffee
692.0,722.0,739.0,489.0,Coffee,Coffee
693.0,723.0,739.0,489.0,Coffee,Coffee
693.0,722.0,739.0,489.0,Coffee,Coffee
693.0,723.0,740.0,488.0,Coffee,Coffee
693.0,723.0,739.0,488.0,Coffee,Coffee
693.0,722.0,740.0,489.0,Coffee,Coffee
692.0,722.0,739.0,489.0,Coffee,Coffee
693.0,722.0,739.0,489.0,Coffee,Coffee
692.0,723.0,740.0,489.0,Coffee,Coffee
693.0,722.0,739.0,488.0,Coffee,Coffee
692.0,722.0,739.0,488.0,Coffee,Coffee
